Country Name,Country Code,Indicator Name,Indicator Code,1991,1992,1993,1994,1995,1996,1997,1998,1999,2000,2001,2002,2003,2004,2005,2006,2007,2008,2009,2010,2011,2012,2013,2014,2015,2016,2017,2018,2019,2020
Aruba,ABW,"Unemployment, youth total (% of total labor force ages 15-24) (modeled ILO estimate)",SL.UEM.1524.ZS,,,,,,,,,,,,,,,,,,,,,,,,,,,,,,
Africa Eastern and Southern,AFE,"Unemployment, youth total (% of total labor force ages 15-24) (modeled ILO estimate)",SL.UEM.1524.ZS,14.22731494,14.32972798,14.55321101,14.59836117,14.65083284,14.73726097,14.76052303,14.66574709,14.72105748,14.60557721,14.85675204,15.37784318,15.46247319,14.58566754,14.25223249,13.856499,13.38017887,12.36953529,12.82420685,14.1077175,13.86811181,13.64639911,13.36970257,13.0691212,12.87401633,12.98759932,12.75998168,12.59306824,12.70057454,
Afghanistan,AFG,"Unemployment, youth total (% of total labor force ages 15-24) (modeled ILO estimate)",SL.UEM.1524.ZS,17.78,17.89,18.12,18.19,18.28,18.34,18.27,18.28,18.34,18.24,18.12,18.21,18.22,18.06,17.93,17.76,17.59,17.53,18.12,18.23,18.11,18.09,18.07,17.89,17.78,17.68,17.5,17.33,17.22,
Africa Western and Central,AFW,"Unemployment, youth total (% of total labor force ages 15-24) (modeled ILO estimate)",SL.UEM.1524.ZS,8.406309422,8.461222196,8.575442035,8.601081575,8.592060556,8.663268365,8.69827225,8.772885768,9.061985612,9.105611087,9.059762964,9.065655597,9.065083504,9.030934198,8.991867024,8.740662593,8.534812484,8.42827716,8.743579029,8.769675922,8.791105013,9.001942631,8.791198466,8.034799974,8.132510716,9.947183684,10.4921625,11.25164215,12.04416511,
Angola,AGO,"Unemployment, youth total (% of total labor force ages 15-24) (modeled ILO estimate)",SL.UEM.1524.ZS,8.61,8.67,8.76,8.75,8.71,8.69,8.67,8.66,8.7,8.67,8.65,8.72,8.7,8.64,8.6,8.45,8.32,8.26,8.49,19.47,16.88,16.94,17,16.88,16.81,16.69,16.51,16.36,16.26,
Albania,ALB,"Unemployment, youth total (% of total labor force ages 15-24) (modeled ILO estimate)",SL.UEM.1524.ZS,24.86,25.09,25.59,25.79,25.81,25.96,25.88,26.03,26.42,26.47,26.48,26.59,26.73,26.76,26.71,26.57,26.46,26.31,27.25,30.87,22.66,28.62,30.96,39.53,39.6,35.63,30.91,28.21,26.99,
Andorra,AND,"Unemployment, youth total (% of total labor force ages 15-24) (modeled ILO estimate)",SL.UEM.1524.ZS,,,,,,,,,,,,,,,,,,,,,,,,,,,,,,
Arab World,ARB,"Unemployment, youth total (% of total labor force ages 15-24) (modeled ILO estimate)",SL.UEM.1524.ZS,23.94118566,24.8502426,26.50668145,26.84919823,27.44877694,25.73285578,24.79793469,24.88766509,24.5761967,26.15097205,26.74046471,26.43368401,26.74844927,25.38481231,25.7112541,24.68785582,23.38374388,23.58182695,22.59256975,23.10049635,25.0116983,26.57647496,26.62109935,26.5995018,27.69577017,27.25856626,27.90615415,26.49951455,26.52947056,
United Arab Emirates,ARE,"Unemployment, youth total (% of total labor force ages 15-24) (modeled ILO estimate)",SL.UEM.1524.ZS,5.04,5.09,5.15,5.21,5.34,5.41,5.42,5.8,5.96,5.95,6.43,6.65,6.84,7.29,8.09,7.92,8.07,7.97,7.97,7.43,6.77,6.4,6.16,6.01,5.99,5.8,7.85,7.05,7.19,
Argentina,ARG,"Unemployment, youth total (% of total labor force ages 15-24) (modeled ILO estimate)",SL.UEM.1524.ZS,14.47,16.2,23.33,26.41,38.86,35.82,31.71,28.11,30.89,32.53,36.68,40.75,32.93,29.65,26.27,23.77,20.35,18.86,21.09,19.36,18.66,18.31,19.52,19.09,20.23,21.73,23.03,24.01,25.97,
Armenia,ARM,"Unemployment, youth total (% of total labor force ages 15-24) (modeled ILO estimate)",SL.UEM.1524.ZS,2.31,2.54,6.58,8.07,8.23,11.07,12.66,11.14,13.08,12.9,12.77,12.73,12.61,12.4,12.18,11.9,11.62,22.42,39.83,38.6,38.37,34.59,35.11,36.76,31.8,35.97,37.79,33.57,33.51,
American Samoa,ASM,"Unemployment, youth total (% of total labor force ages 15-24) (modeled ILO estimate)",SL.UEM.1524.ZS,,,,,,,,,,,,,,,,,,,,,,,,,,,,,,
Antigua and Barbuda,ATG,"Unemployment, youth total (% of total labor force ages 15-24) (modeled ILO estimate)",SL.UEM.1524.ZS,,,,,,,,,,,,,,,,,,,,,,,,,,,,,,
Australia,AUS,"Unemployment, youth total (% of total labor force ages 15-24) (modeled ILO estimate)",SL.UEM.1524.ZS,17.49,19.3,18.56,16.88,15.19,15.63,15.82,14.45,13.12,12.12,13.52,12.82,11.97,11.37,10.61,9.99,9.31,8.77,11.41,11.5,11.32,11.67,12.18,13.28,13.11,12.67,12.66,11.87,11.84,
Austria,AUT,"Unemployment, youth total (% of total labor force ages 15-24) (modeled ILO estimate)",SL.UEM.1524.ZS,3.72,4.13,4.66,4.96,5.91,6.85,7.56,7.49,5.92,6.29,6.01,7.14,7.43,12.07,10.97,9.75,9.38,8.47,10.63,9.45,8.91,9.36,9.64,10.25,10.56,11.24,9.78,9.37,8.51,
Azerbaijan,AZE,"Unemployment, youth total (% of total labor force ages 15-24) (modeled ILO estimate)",SL.UEM.1524.ZS,2.59,4.42,9.42,12.58,14.15,15.77,17.6,19.2,20.76,22.25,22.23,21.69,19,18.29,15.37,14.75,13.6,13.92,13.83,14.83,14.62,14.06,13.6,13.42,13.31,13.34,13.33,13.15,13.19,
Burundi,BDI,"Unemployment, youth total (% of total labor force ages 15-24) (modeled ILO estimate)",SL.UEM.1524.ZS,3.01,3.07,3.15,3.16,3.14,3.12,3.12,3.14,3.16,3.1,3.07,3.1,3.09,3.04,2.98,2.87,2.78,2.75,2.95,2.96,2.93,2.91,2.9,2.82,2.78,2.74,2.7,2.65,2.62,
Belgium,BEL,"Unemployment, youth total (% of total labor force ages 15-24) (modeled ILO estimate)",SL.UEM.1524.ZS,13.94,13.2,18.44,21.9,21.57,20.5,21.26,20.38,22.59,15.28,15.38,15.69,19.01,17.51,21.45,20.44,18.77,17.92,21.91,22.4,18.75,19.78,23.73,23.24,22.13,20.1,19.23,15.75,14.25,
Benin,BEN,"Unemployment, youth total (% of total labor force ages 15-24) (modeled ILO estimate)",SL.UEM.1524.ZS,1.67,1.69,1.64,1.55,1.45,1.36,1.26,1.16,1.08,0.99,0.9,0.83,0.95,1.07,1.19,1.3,1.44,1.6,1.95,2.21,5.4,5.44,5.5,5.41,5.3,5.19,5.07,4.96,4.88,
Burkina Faso,BFA,"Unemployment, youth total (% of total labor force ages 15-24) (modeled ILO estimate)",SL.UEM.1524.ZS,3.15,3.2,3.24,3.27,3.23,3.22,3.17,3.11,3.22,3.27,3.33,3.46,3.55,4.33,5.15,4.69,4.24,4.67,5.48,6.11,6.73,7.36,8.04,8.6,8.5,8.34,8.07,7.75,7.64,
Bangladesh,BGD,"Unemployment, youth total (% of total labor force ages 15-24) (modeled ILO estimate)",SL.UEM.1524.ZS,5.51,5.72,5.98,6.16,6.3,6.46,7.18,7.96,8.87,9.75,9.25,8.2,6.65,7.78,8.87,7.33,7.72,8.14,9,6.4,7.49,8.73,10.13,10.44,10.79,11.12,12.3,12.19,12.13,
Bulgaria,BGR,"Unemployment, youth total (% of total labor force ages 15-24) (modeled ILO estimate)",SL.UEM.1524.ZS,26.51,26.56,26.97,27.23,27.44,27.56,27.7,25.1,28.95,33.24,38.96,35.49,26.96,24.37,22.24,19.42,15.05,12.66,16.07,21.92,25.05,28.12,28.39,23.79,21.64,17.2,12.91,12.66,8.89,
Bahrain,BHR,"Unemployment, youth total (% of total labor force ages 15-24) (modeled ILO estimate)",SL.UEM.1524.ZS,3.47,3.28,3.06,3.29,3.48,3.48,3.65,3.58,3.49,3.51,3.76,3.89,3.78,3.79,4.02,4.23,4.38,4.63,4.8,5,5.19,5.33,5.2,5.35,5.84,6.08,6.35,6.92,7.31,
"Bahamas, The",BHS,"Unemployment, youth total (% of total labor force ages 15-24) (modeled ILO estimate)",SL.UEM.1524.ZS,22.74,27.06,23.08,25.13,20.85,24.02,22.48,15.91,15.76,15.53,15.1,19.7,24.46,21.85,20.31,17.34,19.09,17.21,26.31,26.58,27.36,30.8,34.06,29.09,25.17,25.72,22.51,24.1,24.5,
Bosnia and Herzegovina,BIH,"Unemployment, youth total (% of total labor force ages 15-24) (modeled ILO estimate)",SL.UEM.1524.ZS,37.12,38.93,40.9,42.83,44.73,46.48,48.21,49.97,51.88,53.48,55.13,57.14,59.03,60.74,61.02,62.5,58.48,47.45,48.72,57.53,57.79,63.43,59.7,63.27,63.21,54.98,46.49,39.32,33.97,
Belarus,BLR,"Unemployment, youth total (% of total labor force ages 15-24) (modeled ILO estimate)",SL.UEM.1524.ZS,1.19,5.61,14.91,22.2,30.44,41.89,29.69,24.47,22.37,20.99,19.69,18.55,17.37,16.16,14.95,13.67,12.48,11.46,10.9,10.93,10.95,10.95,10.96,10.89,10.83,10.73,9.37,10.65,10.63,
Belize,BLZ,"Unemployment, youth total (% of total labor force ages 15-24) (modeled ILO estimate)",SL.UEM.1524.ZS,18.41,18.88,19.29,21.65,24.11,26.23,24.11,26.82,24.35,21.07,17.95,19.59,20.18,20.64,21.01,18.48,17.01,16.47,16.93,16.97,16.89,16.83,16.77,18.17,16.42,16.3,15.38,15.35,15.35,
Bermuda,BMU,"Unemployment, youth total (% of total labor force ages 15-24) (modeled ILO estimate)",SL.UEM.1524.ZS,,,,,,,,,,,,,,,,,,,,,,,,,,,,,,
Bolivia,BOL,"Unemployment, youth total (% of total labor force ages 15-24) (modeled ILO estimate)",SL.UEM.1524.ZS,5.7,5.76,5.9,5.99,5.99,6,6,6.04,6.06,6.02,6,6.06,6.07,6.02,5.93,5.76,5.68,5.65,5.04,5.18,5.17,3.31,5.34,4.63,6.81,6.79,6.67,6.79,6.7,
Brazil,BRA,"Unemployment, youth total (% of total labor force ages 15-24) (modeled ILO estimate)",SL.UEM.1524.ZS,11.61,11.79,11.4,11.67,11.84,13.06,14.87,17.75,18.85,18.48,18.1,18.22,19.24,18.15,19.5,17.82,16.77,15.49,17.81,16.64,15.41,15.95,15.75,15.56,19.61,26.92,28.97,28.27,27.47,
Barbados,BRB,"Unemployment, youth total (% of total labor force ages 15-24) (modeled ILO estimate)",SL.UEM.1524.ZS,41.4,41.57,43.4,41.74,37.97,28.11,30.14,24.49,22.52,21.03,23.02,23.06,25.94,23.22,22.08,21.14,19.03,20.48,24.2,25.83,26.8,28.61,29.28,33.31,32.06,28.88,29.42,29.87,30.15,
Brunei Darussalam,BRN,"Unemployment, youth total (% of total labor force ages 15-24) (modeled ILO estimate)",SL.UEM.1524.ZS,15.27,15.25,15.69,16.2,16.45,16.57,17.19,17.7,17.77,18.02,18.29,18.6,18.74,19.37,19.85,20.06,20.87,21.47,21.42,21.29,21.66,22.56,23.73,24.76,26.54,28.55,29.95,31.51,21.7,
Bhutan,BTN,"Unemployment, youth total (% of total labor force ages 15-24) (modeled ILO estimate)",SL.UEM.1524.ZS,4.36,4.44,4.59,4.69,4.76,4.77,4.74,4.72,4.71,5.39,6.1,5.96,5.78,7.69,9.36,9.57,11.28,11.39,12.28,8.46,8.75,6.81,9.01,8.76,9.67,9.81,9.85,9.9,10.03,
Botswana,BWA,"Unemployment, youth total (% of total labor force ages 15-24) (modeled ILO estimate)",SL.UEM.1524.ZS,25.39,28.84,32.67,36.52,36.53,36.59,37.67,38.78,36.08,33.11,39.45,43.11,46.6,41.39,36.59,32.13,31.96,31.92,32.56,35.28,35.64,35.73,35.85,35.78,35.64,35.64,35.61,35.55,35.56,
Central African Republic,CAF,"Unemployment, youth total (% of total labor force ages 15-24) (modeled ILO estimate)",SL.UEM.1524.ZS,7.24,7.31,7.45,7.53,7.54,7.5,7.48,7.49,7.54,7.48,7.44,7.49,7.47,7.38,7.28,7.1,6.93,6.85,7.19,7.25,7.25,7.24,7.16,7.02,6.99,6.91,6.77,6.64,6.55,
Canada,CAN,"Unemployment, youth total (% of total labor force ages 15-24) (modeled ILO estimate)",SL.UEM.1524.ZS,15.84,17.23,17.2,15.9,14.84,15.4,16.25,15.13,14.05,12.67,12.87,13.62,13.63,13.45,12.4,11.65,11.17,11.59,15.32,14.89,14.25,14.44,13.73,13.45,13.16,13.06,11.6,11.1,11.04,
Central Europe and the Baltics,CEB,"Unemployment, youth total (% of total labor force ages 15-24) (modeled ILO estimate)",SL.UEM.1524.ZS,22.94863471,22.87618339,25.0219068,25.39387778,24.35824355,23.10637207,19.99958775,19.54407983,23.86769633,26.98369817,28.75798903,29.97007541,29.08771754,29.15657544,27.18406511,23.76588526,18.69739089,16.69041291,21.55195798,24.42550976,25.51789833,26.17524741,26.57201571,23.55340818,20.66243028,17.65750066,14.96147268,12.66417795,11.63746736,
Switzerland,CHE,"Unemployment, youth total (% of total labor force ages 15-24) (modeled ILO estimate)",SL.UEM.1524.ZS,3.18,4.53,6.37,5.97,5.45,4.94,6.45,6.06,6.16,5,5.62,5.58,8.48,7.7,8.76,7.69,7.11,7,8.47,8.22,7.69,8.31,8.73,8.58,8.81,8.57,8.05,7.93,7.98,
Channel Islands,CHI,"Unemployment, youth total (% of total labor force ages 15-24) (modeled ILO estimate)",SL.UEM.1524.ZS,12.19,12.18,11.97,11.94,12.17,12.42,12.45,12.63,12.67,12.59,13.22,13.65,13.86,13.76,13.67,13.58,13.58,14.17,14.45,14.1,13.87,13.94,13.97,14.06,14.31,14.59,14.84,15.12,15.34,
Chile,CHL,"Unemployment, youth total (% of total labor force ages 15-24) (modeled ILO estimate)",SL.UEM.1524.ZS,11.98,10.24,10.5,12.79,11.6,17.7,17.39,17.62,25.05,24.47,24.33,24.8,24.58,24.41,23.28,21.95,21.42,23.56,26.61,19.12,17.99,16.8,16.72,17.07,16.15,16.02,17.16,18.22,19.62,
China,CHN,"Unemployment, youth total (% of total labor force ages 15-24) (modeled ILO estimate)",SL.UEM.1524.ZS,4.43,4.49,5.14,5.61,5.9,6.2,6.51,6.61,6.9,6.96,8.06,8.93,9.79,9.58,9.59,9.39,9.2,9.87,10.14,9.8,9.91,10.28,10.45,10.61,10.74,10.61,10.45,10.26,11.01,
Cote d'Ivoire,CIV,"Unemployment, youth total (% of total labor force ages 15-24) (modeled ILO estimate)",SL.UEM.1524.ZS,9.02,9.13,7.91,6.67,5.5,5.53,5.52,5.51,5.83,6.07,6.35,6.72,7.03,7.3,7.55,7.69,7.85,8.11,8.88,9.32,9.65,10.08,6.38,5.42,4.58,3.8,5.38,5.28,5.21,
Cameroon,CMR,"Unemployment, youth total (% of total labor force ages 15-24) (modeled ILO estimate)",SL.UEM.1524.ZS,11.45,11.57,11.77,11.83,11.84,11.88,11.69,11.51,11.41,11.18,10.97,9.84,8.7,7.59,6.51,5.47,4.56,4.97,5.71,6.3,6.25,6.21,6.17,6.04,6.01,5.96,5.87,5.79,5.73,
"Congo, Dem. Rep.",COD,"Unemployment, youth total (% of total labor force ages 15-24) (modeled ILO estimate)",SL.UEM.1524.ZS,4.6,4.64,4.73,4.77,4.8,4.81,4.78,4.77,4.82,4.78,4.76,4.82,4.83,4.78,4.72,5.02,5.35,5.76,6.58,7.19,7.78,8.42,8.43,8.33,8.25,8.14,7.97,7.85,7.75,
"Congo, Rep.",COG,"Unemployment, youth total (% of total labor force ages 15-24) (modeled ILO estimate)",SL.UEM.1524.ZS,37.55,37.86,38.3,38.47,38.64,38.86,38.9,39.03,39.32,39.45,39.59,39.85,39.99,39.97,39.95,37.96,35.95,34.31,33.77,29.92,26,22.35,22.38,22.29,22.19,21.99,21.77,21.64,21.58,
Colombia,COL,"Unemployment, youth total (% of total labor force ages 15-24) (modeled ILO estimate)",SL.UEM.1524.ZS,19.15,18.03,14.99,15.58,16.41,21.68,22.27,27.16,35.64,36.53,27.49,28.36,26.41,26.36,23.78,22.94,22.14,22.7,23.46,21.86,20.49,19.27,18.19,17.6,16.64,17.52,17.84,18.58,20.01,
Comoros,COM,"Unemployment, youth total (% of total labor force ages 15-24) (modeled ILO estimate)",SL.UEM.1524.ZS,9.35,9.44,9.65,9.63,9.67,9.72,9.71,9.74,9.81,9.79,9.81,9.94,9.93,9.89,10.57,11.1,11.66,12.45,13.82,14.85,15.83,16.87,17.97,18.9,18.82,18.75,18.58,18.42,18.29,
Cabo Verde,CPV,"Unemployment, youth total (% of total labor force ages 15-24) (modeled ILO estimate)",SL.UEM.1524.ZS,19.93,20.38,20.93,21.31,21.56,21.82,22,22.16,22.37,22.35,22.33,22.45,22.5,22.47,22.43,22.53,22.69,23,23.99,24.54,25.57,26.65,27.8,28.83,29.97,31.07,32.07,27.62,27.82,
Costa Rica,CRI,"Unemployment, youth total (% of total labor force ages 15-24) (modeled ILO estimate)",SL.UEM.1524.ZS,11.27,7.73,8.42,8.35,11.84,12.38,12,12.02,13.68,11.29,13.68,14.54,14.94,14.45,15.22,14.09,11.1,11.07,18.12,17.41,22.38,22.53,21.93,24.79,22.68,22.12,21,25.88,31.82,
Caribbean small states,CSS,"Unemployment, youth total (% of total labor force ages 15-24) (modeled ILO estimate)",SL.UEM.1524.ZS,25.81918368,26.25634608,26.23952205,24.99741647,25.81945811,25.98411432,27.0290966,26.44776161,26.2837737,24.92146468,23.54572739,22.49405139,20.42601009,22.76728432,22.39190092,21.1117388,20.59437785,21.13444874,23.09304749,23.97030575,25.01041482,26.68453438,28.87786849,26.89605712,25.7445613,25.83923143,23.88348085,22.20369388,20.50722186,
Cuba,CUB,"Unemployment, youth total (% of total labor force ages 15-24) (modeled ILO estimate)",SL.UEM.1524.ZS,13.24,13.43,13.74,14,14.2,13.32,12.64,11.3,11.48,10.22,7.89,6.53,4.79,3.94,4.14,4.08,3.81,3.4,3.52,6.05,7.55,8.21,7.91,6.67,6.07,5.2,4.52,4.54,4.49,
Curacao,CUW,"Unemployment, youth total (% of total labor force ages 15-24) (modeled ILO estimate)",SL.UEM.1524.ZS,,,,,,,,,,,,,,,,,,,,,,,,,,,,,,
Cayman Islands,CYM,"Unemployment, youth total (% of total labor force ages 15-24) (modeled ILO estimate)",SL.UEM.1524.ZS,,,,,,,,,,,,,,,,,,,,,,,,,,,,,,
Cyprus,CYP,"Unemployment, youth total (% of total labor force ages 15-24) (modeled ILO estimate)",SL.UEM.1524.ZS,4.86,4.76,5.47,6.16,6.59,7.69,8.81,9.59,10.6,9.73,7.81,7.31,8.44,8.25,12.94,9.49,9.52,8.49,13,15.62,20.93,26.48,37.01,34.38,31.31,27.93,23.95,19.5,16.04,
Czech Republic,CZE,"Unemployment, youth total (% of total labor force ages 15-24) (modeled ILO estimate)",SL.UEM.1524.ZS,4.69,6.24,8.39,8.65,7.78,7.19,6.94,10.77,16.5,16.87,16.17,15.27,16.68,19.82,19.26,17.54,10.77,9.89,16.67,18.35,18.06,19.51,18.97,15.86,12.6,10.49,7.94,6.73,5.63,
Germany,DEU,"Unemployment, youth total (% of total labor force ages 15-24) (modeled ILO estimate)",SL.UEM.1524.ZS,5.51,5.97,7.67,8.96,8.47,9.63,10.67,9.79,8.88,8.54,7.79,9.29,11.03,12.99,15.53,13.76,11.9,10.56,11.22,9.83,8.53,8.05,7.83,7.75,7.23,7.04,6.75,6.18,5.75,
Djibouti,DJI,"Unemployment, youth total (% of total labor force ages 15-24) (modeled ILO estimate)",SL.UEM.1524.ZS,18.24,18.42,18.74,18.9,18.98,19.05,19.1,19.17,19.35,19.42,19.47,19.71,19.88,19.92,19.89,19.81,19.78,19.92,20.79,21.21,21.43,21.63,21.81,21.83,21.9,21.88,21.74,21.62,21.57,
Dominica,DMA,"Unemployment, youth total (% of total labor force ages 15-24) (modeled ILO estimate)",SL.UEM.1524.ZS,,,,,,,,,,,,,,,,,,,,,,,,,,,,,,
Denmark,DNK,"Unemployment, youth total (% of total labor force ages 15-24) (modeled ILO estimate)",SL.UEM.1524.ZS,11.49,12.29,14.57,10.17,9.93,10.59,8.11,7.17,9.9,6.73,8.23,7.05,9.81,7.78,8.6,7.68,7.49,9.46,13.44,15.56,16.31,15.76,14.75,14.15,12.11,12.11,12.36,10.52,10.05,
Dominican Republic,DOM,"Unemployment, youth total (% of total labor force ages 15-24) (modeled ILO estimate)",SL.UEM.1524.ZS,11.49,11.79,12.07,12.13,12.18,12.27,12.36,12.44,12.54,12.54,13.62,12.92,13.56,13.02,13.58,10.84,12.45,10.61,12.57,10.86,14.09,14.94,17.59,13.39,16.5,16.84,13.48,14.9,15.89,
Algeria,DZA,"Unemployment, youth total (% of total labor force ages 15-24) (modeled ILO estimate)",SL.UEM.1524.ZS,34.4,40.3,43.14,45.45,51.93,47.17,42.64,45.18,47.98,50.56,47.06,45.95,43.52,34.1,30.71,23.89,27.33,23.95,21.51,21.84,22.52,27.55,25.02,25.34,29.69,25.54,29.56,29.58,29.69,
East Asia & Pacific (excluding high income),EAP,"Unemployment, youth total (% of total labor force ages 15-24) (modeled ILO estimate)",SL.UEM.1524.ZS,4.906871171,4.963611631,5.510790195,6.387410795,6.705282944,7.040115711,7.333980467,8.089186859,8.443408778,8.413315476,9.184803534,9.915389012,10.46618649,10.54559188,10.90398176,10.61133594,10.20994905,10.27003583,10.3536961,9.849199226,9.977539489,9.901175587,10.02462075,10.20039035,10.52653757,10.28661564,10.0614763,9.954143513,10.06784599,
Early-demographic dividend,EAR,"Unemployment, youth total (% of total labor force ages 15-24) (modeled ILO estimate)",SL.UEM.1524.ZS,13.52780151,13.81877595,14.41100467,15.11413572,15.73420382,15.59894624,15.47206406,15.87249989,16.10701053,16.33099374,16.54272584,17.04168136,16.97376632,16.82441699,16.98822153,16.40713497,15.98421573,15.72381962,16.45716695,16.53311891,16.78633523,17.08543777,17.46031169,17.41404227,17.88305405,17.93221881,17.92529818,17.8598107,17.85643337,
East Asia & Pacific,EAS,"Unemployment, youth total (% of total labor force ages 15-24) (modeled ILO estimate)",SL.UEM.1524.ZS,5.047397134,5.128015245,5.670866809,6.437166006,6.727422695,7.073801648,7.367958929,8.306623904,8.657140114,8.531099698,9.283456662,9.95473655,10.48443425,10.51584254,10.79663931,10.49221029,10.08889098,10.14748994,10.37326963,9.899315885,9.953228836,9.873461496,9.955044455,10.11477462,10.38047085,10.14182511,9.908373823,9.765070391,9.875977057,
Europe & Central Asia (excluding high income),ECA,"Unemployment, youth total (% of total labor force ages 15-24) (modeled ILO estimate)",SL.UEM.1524.ZS,12.16778529,12.60460932,13.85877604,15.69720987,17.81830932,19.12013439,20.64998058,22.66266064,21.90082536,20.11730632,19.30333183,18.89393712,19.02604511,18.81786285,17.55585537,16.84600481,15.63701477,15.36816441,18.57622415,17.73800562,16.60204864,16.14819249,16.08025867,16.82262761,17.32968075,17.43390565,17.00752862,16.78867698,17.30536309,
Europe & Central Asia,ECS,"Unemployment, youth total (% of total labor force ages 15-24) (modeled ILO estimate)",SL.UEM.1524.ZS,15.16216626,15.83572212,18.17994455,19.70532305,20.45386157,21.11161516,21.34047688,21.60518175,21.29772594,19.82281382,18.83034694,18.86386862,19.12031264,19.14645945,18.5781381,17.47545282,15.84636922,15.72809704,19.58250331,19.72984144,19.52179294,20.26488995,20.71048724,20.48558312,19.88668694,19.0976768,17.85143229,16.83933696,16.55840708,
Ecuador,ECU,"Unemployment, youth total (% of total labor force ages 15-24) (modeled ILO estimate)",SL.UEM.1524.ZS,9.63,9.76,9.94,10.02,10.05,10.07,10.13,10,10.02,9.98,8.71,9.87,10.97,10.3,7.93,8.01,7.07,9.24,9.97,9.38,8.98,8.65,8.41,9.05,8.81,10.34,8.43,7.93,8.71,
"Egypt, Arab Rep.",EGY,"Unemployment, youth total (% of total labor force ages 15-24) (modeled ILO estimate)",SL.UEM.1524.ZS,25.97,24.99,29.53,29.62,29.35,24.97,23.66,22.98,20.14,24.41,27.52,26.25,29.11,28.33,31.16,30.34,25.15,25.93,25.58,24.53,29.47,34.46,34.18,32.39,34.29,33.77,32.95,26.55,26.54,
Euro area,EMU,"Unemployment, youth total (% of total labor force ages 15-24) (modeled ILO estimate)",SL.UEM.1524.ZS,18.05457365,19.00428041,22.90130059,24.87858224,24.56275498,25.15596739,24.7807197,22.92899942,21.70026475,19.2561235,17.23993959,17.58449333,17.93990812,18.57425102,18.85222303,17.63038549,16.05960444,16.60121852,21.48873307,22.59259049,23.25879755,25.96170858,27.28192913,26.92877877,25.42250637,23.91942675,21.55924188,19.54271963,18.1897879,
Eritrea,ERI,"Unemployment, youth total (% of total labor force ages 15-24) (modeled ILO estimate)",SL.UEM.1524.ZS,11.08,11.22,11.38,11.37,11.22,11.1,11.02,10.92,10.88,10.73,10.67,10.75,10.76,10.74,10.74,10.58,10.44,10.42,10.94,11.14,11.22,11.3,11.35,11.32,11.28,11.21,11.1,10.99,10.9,
Spain,ESP,"Unemployment, youth total (% of total labor force ages 15-24) (modeled ILO estimate)",SL.UEM.1524.ZS,30.7,33,42.17,44.87,41.82,41.77,39.03,35.39,29.09,25.24,20.69,21.53,22.34,22.53,19.72,17.93,18.12,24.49,37.76,41.5,46.23,52.9,55.5,53.2,48.32,44.42,38.57,34.37,32.61,
Estonia,EST,"Unemployment, youth total (% of total labor force ages 15-24) (modeled ILO estimate)",SL.UEM.1524.ZS,3.45,7.41,10.88,11.39,13.95,15.76,18.44,14.84,22,21.09,23.85,20.2,26.63,25.6,15.12,12.09,10.07,11.97,27.3,32.85,22.37,20.87,18.73,14.99,13.1,13.4,12.09,11.84,11.09,
Ethiopia,ETH,"Unemployment, youth total (% of total labor force ages 15-24) (modeled ILO estimate)",SL.UEM.1524.ZS,4.32,4.35,4.49,4.55,4.69,4.88,5.03,5.16,5.38,5.06,4.74,4.48,4.18,3.88,3.58,3.46,3.35,3.3,3.48,3.5,3.47,3.45,3.43,3.39,3.36,3.33,3.26,3.21,3.17,
European Union,EUU,"Unemployment, youth total (% of total labor force ages 15-24) (modeled ILO estimate)",SL.UEM.1524.ZS,19.19214965,19.93541168,23.28639005,24.77608659,24.18816959,24.34854785,23.18505913,21.645435,21.92817437,20.90538919,19.96160551,20.67027268,20.70970408,21.27968681,21.11440686,19.33543232,16.85066494,16.67143411,21.27001399,22.68540319,23.50997652,25.71317689,26.84254317,25.91668673,24.11289198,22.32697107,19.9965239,18.02320068,16.82570821,
Fragile and conflict affected situations,FCS,"Unemployment, youth total (% of total labor force ages 15-24) (modeled ILO estimate)",SL.UEM.1524.ZS,9.925477185,9.944956459,10.14946278,10.41714252,10.62458947,10.85608148,10.89603654,10.91870496,11.24850586,11.31971947,11.46910347,11.75287826,11.73529235,11.5948007,11.24079659,11.00013361,10.88963198,10.93444395,10.92137798,11.35936555,11.48141559,11.5915276,11.76731144,11.46184713,11.50624638,12.53230503,12.92750821,13.09216677,13.38575203,
Finland,FIN,"Unemployment, youth total (% of total labor force ages 15-24) (modeled ILO estimate)",SL.UEM.1524.ZS,14.96,24.5,30.79,31.15,40.61,41.24,35.24,34.4,29.86,29.7,27.75,29.41,28.81,28.31,19.96,18.61,16.42,16.32,21.37,21.28,19.94,18.86,19.8,20.4,22.27,20.01,19.99,16.92,17.09,
Fiji,FJI,"Unemployment, youth total (% of total labor force ages 15-24) (modeled ILO estimate)",SL.UEM.1524.ZS,8.72,8.88,9.06,9.13,9.12,9.15,9.13,9.15,9.32,9.29,9.35,9.59,9.74,9.87,9.91,10.29,10.72,11.27,12.36,13.16,13.95,14.32,14.71,14.93,15.06,15.15,15.14,15.09,14.97,
France,FRA,"Unemployment, youth total (% of total labor force ages 15-24) (modeled ILO estimate)",SL.UEM.1524.ZS,19.43,21.35,25.17,28.39,26.74,27.21,28.52,25.89,26.09,20.48,17.95,18.9,17.2,19.66,20.15,21.16,18.68,18.17,22.78,22.41,21.82,23.55,23.96,24.12,24.59,24.35,22.04,20.68,19.54,
Faroe Islands,FRO,"Unemployment, youth total (% of total labor force ages 15-24) (modeled ILO estimate)",SL.UEM.1524.ZS,,,,,,,,,,,,,,,,,,,,,,,,,,,,,,
"Micronesia, Fed. Sts.",FSM,"Unemployment, youth total (% of total labor force ages 15-24) (modeled ILO estimate)",SL.UEM.1524.ZS,,,,,,,,,,,,,,,,,,,,,,,,,,,,,,
Gabon,GAB,"Unemployment, youth total (% of total labor force ages 15-24) (modeled ILO estimate)",SL.UEM.1524.ZS,42.63,42.58,42.79,42.03,41.11,40.21,39.33,38.52,37.71,36.8,36.12,35.53,34.8,33.97,33.05,33.24,33.57,34.04,35.21,35.9,36.07,36.15,36.26,36.18,36.17,36.08,35.82,35.62,35.52,
United Kingdom,GBR,"Unemployment, youth total (% of total labor force ages 15-24) (modeled ILO estimate)",SL.UEM.1524.ZS,13.86,15.64,17.45,16.33,15.52,14.9,13.51,12.35,12.34,11.94,10.25,10.83,11.26,10.62,12.59,13.76,14.09,14.82,18.89,19.66,21.11,21.07,20.55,16.87,14.56,12.93,12.03,11.22,11.08,
Georgia,GEO,"Unemployment, youth total (% of total labor force ages 15-24) (modeled ILO estimate)",SL.UEM.1524.ZS,5.58,10.23,10.23,15.21,13.96,20.46,20.55,25.4,24.18,20.83,19.86,27.51,24.6,27.96,28.16,29.65,30.94,37.36,44.02,41.3,41.71,38.11,41.19,38.1,36.5,35.67,29,29.62,29.93,
Ghana,GHA,"Unemployment, youth total (% of total labor force ages 15-24) (modeled ILO estimate)",SL.UEM.1524.ZS,7.55,7.65,8.54,9.4,10.25,11.15,12.08,13.04,15.86,16.26,15.09,14.04,12.92,11.74,10.55,9.32,9.52,9.86,10.66,11.15,11.87,12.53,13.13,13.63,14.17,11.33,8.84,8.78,8.72,
Gibraltar,GIB,"Unemployment, youth total (% of total labor force ages 15-24) (modeled ILO estimate)",SL.UEM.1524.ZS,,,,,,,,,,,,,,,,,,,,,,,,,,,,,,
Guinea,GIN,"Unemployment, youth total (% of total labor force ages 15-24) (modeled ILO estimate)",SL.UEM.1524.ZS,5.4,5.46,5.59,5.63,5.61,5.62,5.6,5.59,5.62,5.58,5.55,5.6,5.59,5.5,5.42,5.28,5.16,5.12,5.36,5.39,5.43,5.46,5.46,5.38,5.33,5.3,5.24,5.13,5.04,
"Gambia, The",GMB,"Unemployment, youth total (% of total labor force ages 15-24) (modeled ILO estimate)",SL.UEM.1524.ZS,13.12,13.19,13.38,13.42,13.4,13.44,13.39,13.37,13.45,13.37,13.3,13.31,13.28,13.23,13.04,12.75,12.55,12.48,12.94,13.01,12.93,12.92,13.01,12.89,12.83,12.77,12.63,12.52,12.44,
Guinea-Bissau,GNB,"Unemployment, youth total (% of total labor force ages 15-24) (modeled ILO estimate)",SL.UEM.1524.ZS,4.86,4.92,5.01,5.04,5.03,5.02,5,4.94,4.99,5,4.95,4.99,4.99,4.95,4.88,4.74,4.61,4.57,4.87,4.94,4.96,4.97,4.97,4.92,4.89,4.85,4.75,4.66,4.59,
Equatorial Guinea,GNQ,"Unemployment, youth total (% of total labor force ages 15-24) (modeled ILO estimate)",SL.UEM.1524.ZS,15.7,15.91,16.18,16.24,16.28,16.24,16.18,16.12,16.17,16.14,16.07,16.1,16.06,16,15.9,15.6,15.41,15.39,15.99,16.13,16.15,16.24,16.29,16.19,16.16,16,15.78,15.59,15.47,
Greece,GRC,"Unemployment, youth total (% of total labor force ages 15-24) (modeled ILO estimate)",SL.UEM.1524.ZS,23.4,23.8,25.8,26.63,26.71,29.77,29.79,28.84,30.83,28.77,27.67,25.61,25.27,25.96,25.67,24.76,22.49,21.66,25.44,32.62,44.3,54.99,58,52.32,49.72,47.22,43.47,39.74,35.11,
Grenada,GRD,"Unemployment, youth total (% of total labor force ages 15-24) (modeled ILO estimate)",SL.UEM.1524.ZS,,,,,,,,,,,,,,,,,,,,,,,,,,,,,,
Greenland,GRL,"Unemployment, youth total (% of total labor force ages 15-24) (modeled ILO estimate)",SL.UEM.1524.ZS,,,,,,,,,,,,,,,,,,,,,,,,,,,,,,
Guatemala,GTM,"Unemployment, youth total (% of total labor force ages 15-24) (modeled ILO estimate)",SL.UEM.1524.ZS,4.26,4.33,4.42,4.43,4.43,4.43,4.42,4.44,4.47,4.43,4.4,4.46,4.47,5.32,5.28,5.2,5.13,5.06,5.26,5.29,5.02,4.65,5.53,5.74,5.67,5.62,4.97,4.91,4.88,
Guam,GUM,"Unemployment, youth total (% of total labor force ages 15-24) (modeled ILO estimate)",SL.UEM.1524.ZS,9.87,10.66,14.21,18.18,18.92,19.78,22.26,19.05,30.03,32.21,29,26.02,22.72,19.12,17.93,19.38,20.79,21.69,22.36,20.2,29.2,27.16,25.89,18.98,17.82,15.01,15.23,15.36,15.54,
Guyana,GUY,"Unemployment, youth total (% of total labor force ages 15-24) (modeled ILO estimate)",SL.UEM.1524.ZS,26.57,27.27,27.45,27.22,26.77,26.32,25.87,25.39,25.11,24.75,24.38,24.15,23.93,23.56,23.01,22.25,22.43,22.68,23.67,24.25,24.57,24.81,25.03,25.09,25.29,25.55,25.78,26.1,26.2,
High income,HIC,"Unemployment, youth total (% of total labor force ages 15-24) (modeled ILO estimate)",SL.UEM.1524.ZS,14.02172092,14.74647278,16.1186541,16.36863212,15.97875707,16.16227095,15.61942084,15.27410211,15.34798886,14.47356586,14.49855453,15.27436837,15.66906219,15.54061751,15.3349117,14.37616224,13.27836149,13.97689833,17.80045276,18.36069778,18.06963912,18.48697479,18.43615653,17.29625653,15.91915631,14.6896842,13.52207659,12.60647936,12.21358208,
"Hong Kong SAR, China",HKG,"Unemployment, youth total (% of total labor force ages 15-24) (modeled ILO estimate)",SL.UEM.1524.ZS,4.17,4.29,4.47,4.34,6.87,6.65,5.21,10.49,13.38,11.1,11.25,14.87,14.89,12.12,10.73,10.42,8.99,8.53,12.54,12.18,9.33,9.29,9.48,9.23,10.48,9.75,8.66,8.57,8.57,
Honduras,HND,"Unemployment, youth total (% of total labor force ages 15-24) (modeled ILO estimate)",SL.UEM.1524.ZS,7.87,5.45,5.63,5.69,5.74,7.62,5.92,7.07,6.76,6.92,7.08,7.14,9.32,10.54,8.83,6.24,5.54,5.58,6.06,7.62,8.2,7.1,9.95,11.97,11.19,12.75,10.86,10.64,10.55,
Heavily indebted poor countries (HIPC),HPC,"Unemployment, youth total (% of total labor force ages 15-24) (modeled ILO estimate)",SL.UEM.1524.ZS,8.713768587,8.770235601,8.940669678,8.953589796,8.945854956,9.011311741,8.95260365,8.975535077,9.202550224,9.22850031,9.214759127,9.303531227,9.385997685,9.237574186,9.078441715,8.881619465,8.697231686,8.582521409,8.870427636,9.354901751,9.42717385,9.260969909,9.068690381,8.895952284,9.141740948,8.997294855,8.856286352,8.801214538,8.719547847,
Croatia,HRV,"Unemployment, youth total (% of total labor force ages 15-24) (modeled ILO estimate)",SL.UEM.1524.ZS,40.69,38.74,36.3,34.08,32.44,31.05,30.32,33.41,37.2,40.66,38.78,36.34,35.82,32.74,32.31,28.86,24.99,23.56,25.1,32.22,36.58,42.06,50.04,45.53,42.34,31.29,27.36,23.7,16.62,
Haiti,HTI,"Unemployment, youth total (% of total labor force ages 15-24) (modeled ILO estimate)",SL.UEM.1524.ZS,16.27,16.49,16.73,16.8,16.99,17.19,17.17,17.2,17.31,19.41,21.43,23.7,26.02,28.3,30.68,33.08,35.58,34.23,34.03,32.9,31.81,30.81,30.88,30.72,30.57,30.42,30.15,29.89,29.67,
Hungary,HUN,"Unemployment, youth total (% of total labor force ages 15-24) (modeled ILO estimate)",SL.UEM.1524.ZS,19.21,18.65,22.75,20.79,18.59,19.26,16.86,15.24,12.3,12.32,10.64,11.35,12.79,14.36,19.35,19.18,18.08,19.58,26.52,26.48,25.99,28.17,26.49,20.31,17.21,12.87,10.66,10.15,11.4,
IBRD only,IBD,"Unemployment, youth total (% of total labor force ages 15-24) (modeled ILO estimate)",SL.UEM.1524.ZS,11.29946596,11.52729145,12.2038846,13.05725869,13.82073441,14.09147542,14.37528331,15.09816675,15.57134897,15.64976363,15.95678212,16.45977422,16.71077778,16.4020232,16.41143302,15.88029297,15.33896405,15.2297771,16.16274806,16.16642925,16.32702037,16.62075837,16.84457863,17.09160616,17.68266056,18.13817163,18.14484423,18.0194066,18.22579127,
IDA & IBRD total,IBT,"Unemployment, youth total (% of total labor force ages 15-24) (modeled ILO estimate)",SL.UEM.1524.ZS,10.44494454,10.63873688,11.22387402,11.91971527,12.5151072,12.75466635,12.97202893,13.55569768,13.94141974,14.00421186,14.21061473,14.56233598,14.69385198,14.44673219,14.43609267,13.92747604,13.47041979,13.37408927,14.10349122,14.08355709,14.21094782,14.46578379,14.6833834,14.67687405,15.16003205,15.59875766,15.64621239,15.56351479,15.70809383,
IDA total,IDA,"Unemployment, youth total (% of total labor force ages 15-24) (modeled ILO estimate)",SL.UEM.1524.ZS,6.880974906,7.022494484,7.338451444,7.530559964,7.61427841,7.855196144,7.959303269,8.181975445,8.383675561,8.487407654,8.424588271,8.321379784,8.096097912,8.097850328,8.096103815,7.74124383,7.650438313,7.712199494,7.96987274,8.04859423,8.257426575,8.596328019,8.996983871,8.537381483,8.94944178,9.523556191,9.822481596,9.976777263,10.11310345,
IDA blend,IDB,"Unemployment, youth total (% of total labor force ages 15-24) (modeled ILO estimate)",SL.UEM.1524.ZS,5.829840354,6.0197459,6.387133893,6.724894214,6.850336534,7.255270379,7.298247592,7.496366728,7.45629152,7.233814809,7.03157306,6.861801779,6.652964311,6.404960922,6.183968809,5.878657297,5.580384065,5.599187174,5.839135983,6.013943807,6.123625175,6.849933539,7.936230428,6.687347835,7.551754489,9.332958414,10.0430537,10.8499767,11.47072356,
Indonesia,IDN,"Unemployment, youth total (% of total labor force ages 15-24) (modeled ILO estimate)",SL.UEM.1524.ZS,7.56,7.94,8.24,12.66,13.52,14.42,14.39,17.93,18.69,18.58,18.45,20.8,21.08,23.16,25.82,24.28,22.64,19.45,18.87,17.54,18.2,15.6,15.82,15.72,17.1,15.82,14.52,16.12,13.37,
IDA only,IDX,"Unemployment, youth total (% of total labor force ages 15-24) (modeled ILO estimate)",SL.UEM.1524.ZS,7.395759908,7.514600153,7.806621781,7.92818784,7.992334415,8.15328528,8.288968109,8.524917037,8.848592242,9.11711393,9.125390797,9.056728581,8.824266433,8.953423872,9.063984127,8.686324683,8.703430139,8.789418408,9.057462984,9.087621677,9.34388876,9.481320461,9.531708465,9.465217628,9.647156957,9.618277378,9.713267399,9.545610049,9.443921064,
Isle of Man,IMN,"Unemployment, youth total (% of total labor force ages 15-24) (modeled ILO estimate)",SL.UEM.1524.ZS,,,,,,,,,,,,,,,,,,,,,,,,,,,,,,
India,IND,"Unemployment, youth total (% of total labor force ages 15-24) (modeled ILO estimate)",SL.UEM.1524.ZS,16.72,16.97,17.34,17.5,17.61,17.7,17.71,17.78,18,17.98,17.98,18.16,18.3,18.32,18.3,18.33,18.42,18.62,19.74,20.4,20.81,21.24,21.7,21.99,22.33,22.6,22.72,22.85,23.01,
Not classified,INX,"Unemployment, youth total (% of total labor force ages 15-24) (modeled ILO estimate)",SL.UEM.1524.ZS,,,,,,,,,,,,,,,,,,,,,,,,,,,,,,
Ireland,IRL,"Unemployment, youth total (% of total labor force ages 15-24) (modeled ILO estimate)",SL.UEM.1524.ZS,22.45,22.04,24.11,22.2,18.24,17.54,15.37,11.08,8.31,6.32,5.94,7.48,7.83,8.01,8.24,8.28,9.22,13.62,24.72,28.25,29.62,30.87,26.85,23.57,20.39,16.89,14.48,13.85,12.56,
"Iran, Islamic Rep.",IRN,"Unemployment, youth total (% of total labor force ages 15-24) (modeled ILO estimate)",SL.UEM.1524.ZS,21.85,21.22,20.71,20.04,19.3,18.6,19.48,20.4,21.46,22.46,23.57,24.89,22.76,20.6,23.99,22.76,22.08,22.81,24.47,28.42,27,27.87,24.1,24.96,25.91,28.84,27.99,27.26,25.46,
Iraq,IRQ,"Unemployment, youth total (% of total labor force ages 15-24) (modeled ILO estimate)",SL.UEM.1524.ZS,15.77,15.92,16.2,16.27,16.29,16.37,16.48,16.63,16.85,16.89,16.93,17.14,17.35,17.47,17.41,17.25,17.12,16.77,16.98,16.76,16.45,16.21,18.24,20.13,21.38,22.7,25.5,25.24,25.16,
Iceland,ISL,"Unemployment, youth total (% of total labor force ages 15-24) (modeled ILO estimate)",SL.UEM.1524.ZS,4.89,9.82,9.91,11.48,11.81,8.44,7.91,6.84,4.21,4.29,4.88,6.22,12.39,11.86,7.07,7.87,6.6,7.83,15.45,15.89,14.21,13.26,10.45,9.61,8.6,6.33,7.56,5.91,8.48,
Israel,ISR,"Unemployment, youth total (% of total labor force ages 15-24) (modeled ILO estimate)",SL.UEM.1524.ZS,22.09,22.62,20.68,16.66,14.92,13.54,15.01,16.95,16.7,17.28,18.64,20.76,22.33,20.61,17.83,18.42,16.28,12.5,14.74,14.27,11.86,12.18,10.57,10.62,9.33,8.64,7.27,7.15,6.68,
Italy,ITA,"Unemployment, youth total (% of total labor force ages 15-24) (modeled ILO estimate)",SL.UEM.1524.ZS,28.48,28.1,30.06,31.74,33.45,34.79,34.66,33.9,33.06,31.53,27.81,27.14,26.95,24.38,24.09,21.75,20.32,21.16,25.31,27.9,29.19,35.4,40.16,42.79,40.41,37.81,34.77,32.22,29.22,
Jamaica,JAM,"Unemployment, youth total (% of total labor force ages 15-24) (modeled ILO estimate)",SL.UEM.1524.ZS,29.7,29.99,31.1,29.54,32.74,34.11,36.54,36.68,35.77,33.82,31.04,28.11,22.67,28.93,28.45,26.38,25.08,26.18,28.35,30.59,31.6,34.39,38.94,35.42,34.04,33.43,29.5,25.65,22.07,
Jordan,JOR,"Unemployment, youth total (% of total labor force ages 15-24) (modeled ILO estimate)",SL.UEM.1524.ZS,37.28,38.04,38.74,34.39,30.36,28.88,29.04,29.26,29.51,29.57,31.26,32.82,31.2,31.61,32,30.69,29.3,28.74,29.27,28.9,30.04,28.85,29.86,28.47,30.9,35.63,36.17,36.71,37.28,
Japan,JPN,"Unemployment, youth total (% of total labor force ages 15-24) (modeled ILO estimate)",SL.UEM.1524.ZS,4.49,4.52,5.02,5.58,6.19,6.67,6.68,7.7,9.18,9.09,9.58,9.98,10.22,9.45,8.66,7.95,7.8,7.27,9.18,9.47,8.01,7.98,6.79,6.33,5.54,5.09,4.59,3.58,3.89,
Kazakhstan,KAZ,"Unemployment, youth total (% of total labor force ages 15-24) (modeled ILO estimate)",SL.UEM.1524.ZS,0.72,0.85,1.02,12.87,19.7,23.77,23.96,24.19,24.89,23.56,18.93,16.73,14.35,14.1,12.53,10.94,9.15,7.39,6.68,5.22,4.58,3.94,3.92,3.83,3.75,3.8,3.78,3.73,3.67,
Kenya,KEN,"Unemployment, youth total (% of total labor force ages 15-24) (modeled ILO estimate)",SL.UEM.1524.ZS,6.19,6.27,6.44,6.54,6.6,6.64,6.62,6.64,6.72,6.74,6.8,6.93,7.01,7.07,7.11,6.97,6.87,6.8,7.19,7.36,7.41,7.45,7.5,7.45,7.4,7.33,7.25,7.19,7.17,
Kyrgyz Republic,KGZ,"Unemployment, youth total (% of total labor force ages 15-24) (modeled ILO estimate)",SL.UEM.1524.ZS,2.09,2.23,5.98,7.99,9.4,12.1,12.46,14.59,13.8,12.5,12.97,20.09,16.81,15.24,14.5,14.54,14.95,15.81,16.76,16.52,16.46,17.46,13.39,13.96,15.02,15.55,14.83,14.82,14.79,
Cambodia,KHM,"Unemployment, youth total (% of total labor force ages 15-24) (modeled ILO estimate)",SL.UEM.1524.ZS,1.3,1.36,1.42,1.44,1.44,1.44,1.52,1.6,1.74,1.82,1.84,1.94,2.01,2.05,2.08,2.04,2.01,1.31,0.8,0.97,0.6,0.7,0.76,1.05,0.74,1.12,0.38,0.37,0.37,
Kiribati,KIR,"Unemployment, youth total (% of total labor force ages 15-24) (modeled ILO estimate)",SL.UEM.1524.ZS,,,,,,,,,,,,,,,,,,,,,,,,,,,,,,
St. Kitts and Nevis,KNA,"Unemployment, youth total (% of total labor force ages 15-24) (modeled ILO estimate)",SL.UEM.1524.ZS,,,,,,,,,,,,,,,,,,,,,,,,,,,,,,
"Korea, Rep.",KOR,"Unemployment, youth total (% of total labor force ages 15-24) (modeled ILO estimate)",SL.UEM.1524.ZS,6.97,7.3,8.57,6.95,6.01,5.85,7.28,15.46,13.7,10.52,10.03,8.43,9.93,10.31,9.88,9.84,8.41,9.22,9.64,9.58,9.57,8.87,9.18,9.87,9.86,10.11,9.75,10.1,9.82,
Kuwait,KWT,"Unemployment, youth total (% of total labor force ages 15-24) (modeled ILO estimate)",SL.UEM.1524.ZS,5.7,4.85,4.48,4.45,5.05,5.31,5.4,5.53,5.36,5.5,5.31,6.32,6.66,8.06,7.67,7.31,8.12,9.27,9.44,10.21,10.56,11.39,12.55,13.9,15.3,15.06,15.51,15.34,15.73,
Latin America & Caribbean (excluding high income),LAC,"Unemployment, youth total (% of total labor force ages 15-24) (modeled ILO estimate)",SL.UEM.1524.ZS,10.87238875,10.95085046,11.14343171,11.88211226,13.90882726,14.14260044,14.12242601,15.11460203,15.91968426,16.18636287,15.52499462,16.17793517,16.08411008,15.70708405,15.43058253,14.43096938,13.68483538,13.2344057,15.00365071,14.15691267,13.62950328,13.468186,13.57750871,13.4348815,14.62274091,17.24743965,17.64873921,17.58548319,17.72371687,
Lao PDR,LAO,"Unemployment, youth total (% of total labor force ages 15-24) (modeled ILO estimate)",SL.UEM.1524.ZS,4.52,4.61,4.77,4.84,4.86,4.64,4.41,4.18,3.99,3.77,3.56,3.41,3.23,3,2.76,2.43,2.13,1.88,1.81,1.63,1.65,1.68,1.71,1.71,1.72,1.72,1.69,1.68,1.67,
Lebanon,LBN,"Unemployment, youth total (% of total labor force ages 15-24) (modeled ILO estimate)",SL.UEM.1524.ZS,18.93,19.3,19.67,20.05,20.39,20.73,21.02,21.11,21.19,21.14,21.15,21.21,21.08,20.87,21.69,22.33,23.03,19.95,17.65,17.77,17.66,17.6,17.59,17.45,17.36,17.31,17.22,17.14,17.1,
Liberia,LBR,"Unemployment, youth total (% of total labor force ages 15-24) (modeled ILO estimate)",SL.UEM.1524.ZS,3.05,3.11,3.22,3.23,3.21,3.21,3.2,3.2,3.25,3.25,3.25,3.28,3.28,3.22,3.17,3.04,2.93,2.88,3.12,3.17,2.83,2.51,2.21,1.86,1.55,2.31,2.24,2.17,2.12,
Libya,LBY,"Unemployment, youth total (% of total labor force ages 15-24) (modeled ILO estimate)",SL.UEM.1524.ZS,44.39,44.62,45,45.28,45.4,45.48,45.63,45.79,46.15,46.33,46.46,46.84,47.22,47.4,47.48,47.32,47.14,47.06,48.23,48.82,49.07,49.56,49.92,49.76,49.84,49.89,49.94,49.92,49.54,
St. Lucia,LCA,"Unemployment, youth total (% of total labor force ages 15-24) (modeled ILO estimate)",SL.UEM.1524.ZS,27.78,28.14,28.63,29.13,27.58,28.51,35.05,36.99,31.69,29.19,32.08,35.28,38.15,39.48,36.02,32.04,29.2,27.52,33.32,37.44,41.44,42.26,48.92,47.92,47.14,46.42,45.66,42.07,35.95,
Latin America & Caribbean,LCN,"Unemployment, youth total (% of total labor force ages 15-24) (modeled ILO estimate)",SL.UEM.1524.ZS,11.37001179,11.26638842,11.34434856,12.19700812,14.12650672,14.61940162,14.5439176,15.43546707,16.6027122,16.80318338,16.16616093,17.03723802,17.00151115,16.49659088,15.87642258,14.77596146,13.98007999,13.56898902,15.28237487,14.42059806,13.88336433,13.69964387,13.89656106,13.7643491,14.81890561,17.22129442,17.6140709,17.58104658,17.7506514,
Least developed countries: UN classification,LDC,"Unemployment, youth total (% of total labor force ages 15-24) (modeled ILO estimate)",SL.UEM.1524.ZS,7.264760685,7.391700607,7.592221042,7.66273468,7.712070058,7.764303807,7.887744229,8.042931619,8.323940845,8.521737175,8.458454755,8.385614902,8.193332439,8.39248391,8.596919647,8.263533027,8.25493647,8.228064916,8.606035432,8.824645034,9.040960167,9.210009374,9.36268574,9.311224733,9.5398634,9.625076014,9.800963161,9.61740661,9.52260318,
Low income,LIC,"Unemployment, youth total (% of total labor force ages 15-24) (modeled ILO estimate)",SL.UEM.1524.ZS,8.31061924,8.446799716,8.681624636,8.811891997,8.893289171,8.997673134,9.047955941,9.140016522,9.305358543,9.454629395,9.621562871,9.676909344,9.646168475,9.417639897,9.22942746,9.171767633,9.200309951,9.361744912,9.27919971,9.82020684,9.974275681,10.07130248,9.909997921,9.861016377,10.09855636,10.01572997,9.882430319,9.742576075,9.648165547,
Liechtenstein,LIE,"Unemployment, youth total (% of total labor force ages 15-24) (modeled ILO estimate)",SL.UEM.1524.ZS,,,,,,,,,,,,,,,,,,,,,,,,,,,,,,
Sri Lanka,LKA,"Unemployment, youth total (% of total labor force ages 15-24) (modeled ILO estimate)",SL.UEM.1524.ZS,36.66,35.75,35.71,35.27,34.82,33.14,31.89,26.04,26.52,24.07,25.04,27.93,27.43,27.89,27.03,21.58,20.91,18.27,20.65,18.51,16.73,16.85,18.1,18.81,19.26,20.05,17.36,20.47,20.79,
Lower middle income,LMC,"Unemployment, youth total (% of total labor force ages 15-24) (modeled ILO estimate)",SL.UEM.1524.ZS,12.68381681,12.91037111,13.37237636,13.94282922,14.27015561,14.32464953,14.36636975,14.82782804,15.06129627,15.2188836,15.2332804,15.38393034,15.28897463,15.21736908,15.56785945,15.09889379,14.72939962,14.55149825,15.13501723,15.32854363,15.68228009,16.00528792,16.30740746,16.20150082,16.72542407,17.04005713,17.10535865,17.09235828,17.01473158,
Low & middle income,LMY,"Unemployment, youth total (% of total labor force ages 15-24) (modeled ILO estimate)",SL.UEM.1524.ZS,10.25243385,10.47494427,11.06023843,11.72593546,12.32646292,12.55622755,12.82062655,13.41612416,13.69983136,13.72345057,13.92397092,14.24540987,14.37639161,14.15738091,14.20897307,13.76027421,13.36213495,13.29698706,14.00812073,13.98623284,14.10816712,14.36767856,14.57324363,14.58320954,15.08740872,15.54790209,15.60811936,15.53546479,15.68417409,
Lesotho,LSO,"Unemployment, youth total (% of total labor force ages 15-24) (modeled ILO estimate)",SL.UEM.1524.ZS,50.7,51.09,51.62,51.84,51.95,52,52.02,50.69,49.55,48.32,47.15,46.09,44.98,43.76,42.44,41.09,39.8,38.71,38.47,37.64,36.84,35.95,34.97,34.88,34.88,34.83,34.63,34.46,34.41,
Late-demographic dividend,LTE,"Unemployment, youth total (% of total labor force ages 15-24) (modeled ILO estimate)",SL.UEM.1524.ZS,7.417537211,7.452891043,8.012508594,8.737499573,9.178982109,9.73186286,10.38596431,11.24921884,11.86858302,11.69771595,12.01610143,12.35553005,12.89687561,12.54673071,12.36447208,11.89483521,11.29066409,11.47803632,12.33818686,11.85211415,11.74648422,11.97593747,12.01640495,12.12042966,12.76638745,13.57005707,13.65641577,13.36677038,13.78558974,
Lithuania,LTU,"Unemployment, youth total (% of total labor force ages 15-24) (modeled ILO estimate)",SL.UEM.1524.ZS,4.02,4.41,25.95,25.61,31.04,29.13,25.68,25.25,25.46,28.56,31.56,20.4,26.9,20.25,15.75,9.98,8.4,13.38,29.6,35.72,32.55,26.67,21.91,19.26,16.28,14.43,13.24,11.11,11.87,
Luxembourg,LUX,"Unemployment, youth total (% of total labor force ages 15-24) (modeled ILO estimate)",SL.UEM.1524.ZS,2.64,3.69,4.34,7.9,7.28,9.27,7.28,6.41,6.77,6.38,6.34,6.94,10.88,16.8,13.65,16.04,15.01,17.58,17.03,14.15,16.71,18.55,15.37,22.02,17.24,18.68,15.26,14.08,16.82,
Latvia,LVA,"Unemployment, youth total (% of total labor force ages 15-24) (modeled ILO estimate)",SL.UEM.1524.ZS,7.31,14.72,31.01,33.68,34.2,36.95,27.55,26.97,23.57,21.28,24.16,25.23,20.39,21.78,15.13,13.6,10.56,13.64,33.37,36.13,30.97,28.5,23.21,19.57,16.28,17.22,16.93,12.19,12.48,
"Macao SAR, China",MAC,"Unemployment, youth total (% of total labor force ages 15-24) (modeled ILO estimate)",SL.UEM.1524.ZS,4.94,3.79,3.67,4.26,5.75,6.62,7.07,9.08,11.44,10.55,9.8,10.86,11.94,10.45,8.04,7.21,6.4,6.11,7.53,5.39,5.72,5.46,4.13,3.94,4.36,4.66,5.2,5.27,4.95,
St. Martin (French part),MAF,"Unemployment, youth total (% of total labor force ages 15-24) (modeled ILO estimate)",SL.UEM.1524.ZS,,,,,,,,,,,,,,,,,,,,,,,,,,,,,,
Morocco,MAR,"Unemployment, youth total (% of total labor force ages 15-24) (modeled ILO estimate)",SL.UEM.1524.ZS,19.95,20.13,20.36,20.62,20.6,20.69,20.73,20.74,20.89,20.49,19.1,17.8,17.23,15.62,15.88,16.76,15.58,18.54,16.65,17.77,17.97,18.67,19.18,20.13,20.92,22.36,22.42,22.35,22.29,
Monaco,MCO,"Unemployment, youth total (% of total labor force ages 15-24) (modeled ILO estimate)",SL.UEM.1524.ZS,,,,,,,,,,,,,,,,,,,,,,,,,,,,,,
Moldova,MDA,"Unemployment, youth total (% of total labor force ages 15-24) (modeled ILO estimate)",SL.UEM.1524.ZS,4.76,8.07,8.07,11.76,10.84,15.39,15.37,18.87,20.7,16.19,16.7,15.43,18.02,19.51,18.47,17.14,14.18,11.03,15.35,17.85,14.9,13.1,12.23,9.85,10.76,11.28,11.88,9.64,10.51,
Madagascar,MDG,"Unemployment, youth total (% of total labor force ages 15-24) (modeled ILO estimate)",SL.UEM.1524.ZS,7.65,7.73,7.94,7.99,7.99,8,7.99,8,8.07,8.04,7.41,7.15,6.88,4.19,2.27,2.85,3.5,4.3,5.53,6.67,3.34,1,1.64,2.39,3.31,3.27,3.21,3.16,3.12,
Maldives,MDV,"Unemployment, youth total (% of total labor force ages 15-24) (modeled ILO estimate)",SL.UEM.1524.ZS,1.73,1.78,1.83,1.86,1.88,2.26,2.7,3.2,3.77,4.39,5.6,7.1,8.85,10.74,12.78,15.01,17.5,20.4,25.02,22.21,19.54,17.1,14.89,12.74,14.65,16.09,15.99,16.18,16.63,
Middle East & North Africa,MEA,"Unemployment, youth total (% of total labor force ages 15-24) (modeled ILO estimate)",SL.UEM.1524.ZS,23.36219725,23.99949589,25.26870841,25.32166479,25.63148393,23.91872955,23.31456463,23.6187641,23.56825644,25.16443225,25.95793104,26.02599623,25.81249317,24.11735669,25.18029422,24.05493539,22.76574775,23.06183862,22.80689188,23.71766823,24.74431448,26.34196193,25.6228254,25.73993316,26.93025511,26.96935301,27.44916414,25.95028697,25.69803424,
Mexico,MEX,"Unemployment, youth total (% of total labor force ages 15-24) (modeled ILO estimate)",SL.UEM.1524.ZS,5.56,5.61,5.61,7.41,11.69,9.62,7.66,6.71,4.24,5.23,4.97,6.09,7.11,8.22,6.89,7,7.14,7.61,10.04,9.73,9.79,9.37,9.39,9.4,8.51,7.61,6.83,6.82,7.15,
Marshall Islands,MHL,"Unemployment, youth total (% of total labor force ages 15-24) (modeled ILO estimate)",SL.UEM.1524.ZS,,,,,,,,,,,,,,,,,,,,,,,,,,,,,,
Middle income,MIC,"Unemployment, youth total (% of total labor force ages 15-24) (modeled ILO estimate)",SL.UEM.1524.ZS,10.3941797,10.62610295,11.24137825,11.95282121,12.59985352,12.84501486,13.13319474,13.77782863,14.07857913,14.09731931,14.3059555,14.65563532,14.80568701,14.59311838,14.67451372,14.1969803,13.76696249,13.68966342,14.49377796,14.42785774,14.56120862,14.85577083,15.1232214,15.16096635,15.71917609,16.270457,16.37759589,16.33518951,16.53948957,
North Macedonia,MKD,"Unemployment, youth total (% of total labor force ages 15-24) (modeled ILO estimate)",SL.UEM.1524.ZS,62.83,62.95,63.36,63.66,63.77,63.85,64.11,61.74,58.29,58.23,55.42,58.22,65.44,64.69,63.24,59.61,57.63,56.34,55.11,53.68,55.29,53.86,51.84,53.09,47.31,48.2,46.69,45.4,35.55,
Mali,MLI,"Unemployment, youth total (% of total labor force ages 15-24) (modeled ILO estimate)",SL.UEM.1524.ZS,4.75,4.72,4.75,4.79,4.78,4.79,4.78,5.54,6.41,7.26,8.24,9.31,10.34,11.4,12.59,13.74,14.88,13.14,12.02,10.58,9.18,8.81,8.48,8.02,18.09,17.62,17.06,16.83,16.66,
Malta,MLT,"Unemployment, youth total (% of total labor force ages 15-24) (modeled ILO estimate)",SL.UEM.1524.ZS,11.13,11.16,11.18,11.19,11.21,11.42,11.53,11.61,11.77,11.89,17.82,15.5,17.59,18.57,16.16,15.48,13.5,11.61,14.49,13.24,13.32,13.84,12.73,11.68,11.62,10.68,10.54,9.03,9.16,
Myanmar,MMR,"Unemployment, youth total (% of total labor force ages 15-24) (modeled ILO estimate)",SL.UEM.1524.ZS,1.29,1.34,1.4,1.42,1.42,1.43,1.43,1.43,1.46,1.47,1.48,1.51,1.53,1.53,1.51,1.47,1.44,1.42,1.54,1.57,1.57,1.59,1.61,1.59,1.57,2.58,3.93,1.95,1.5,
Middle East & North Africa (excluding high income),MNA,"Unemployment, youth total (% of total labor force ages 15-24) (modeled ILO estimate)",SL.UEM.1524.ZS,23.71978278,24.17850375,25.57807286,25.68968066,26.13969262,24.38719375,23.78839835,24.16387287,24.15120328,25.83061737,26.67119332,26.5578158,26.23444906,24.25370741,25.33650084,24.03871427,22.95579558,23.42701466,23.05320467,24.09086063,25.36838285,27.27757695,26.40010737,26.41338215,27.83276957,28.29330203,28.720358,26.91185492,26.5551748,
Montenegro,MNE,"Unemployment, youth total (% of total labor force ages 15-24) (modeled ILO estimate)",SL.UEM.1524.ZS,53.24,53.32,53.82,54.14,54.48,54.8,54.79,54.89,54.77,54.65,54.58,54.67,54.62,54.45,54.21,44.5,35.8,31.99,35.24,36.23,36.48,42.09,40.57,35.8,37.56,35.92,31.72,29.49,25.25,
Mongolia,MNG,"Unemployment, youth total (% of total labor force ages 15-24) (modeled ILO estimate)",SL.UEM.1524.ZS,9.71,9.75,9.91,10.02,10.1,10.14,10.16,10.21,10.3,10.27,10.27,10.36,11.27,11.57,11.79,11.9,12.03,9.63,9.98,14.38,10.16,8.28,10.52,11.86,12.61,19.9,17.32,16.26,15.96,
Northern Mariana Islands,MNP,"Unemployment, youth total (% of total labor force ages 15-24) (modeled ILO estimate)",SL.UEM.1524.ZS,,,,,,,,,,,,,,,,,,,,,,,,,,,,,,
Mozambique,MOZ,"Unemployment, youth total (% of total labor force ages 15-24) (modeled ILO estimate)",SL.UEM.1524.ZS,5.32,5.41,5.58,5.7,5.75,5.79,5.77,5.86,6.02,6.09,6.21,6.39,6.5,6.52,6.53,6.46,6.39,6.39,6.8,6.94,7.01,7.1,7.18,7.16,7.15,7.06,6.92,6.8,6.72,
Mauritania,MRT,"Unemployment, youth total (% of total labor force ages 15-24) (modeled ILO estimate)",SL.UEM.1524.ZS,13.72,13.85,14.05,14.1,14.12,14.18,14.13,14.13,14.26,14.24,14.24,14.39,14.48,14.5,14.47,14.4,14.26,14.17,14.68,14.86,14.98,15.09,16.33,17.48,18.7,19.97,21.23,21.07,20.98,
Mauritius,MUS,"Unemployment, youth total (% of total labor force ages 15-24) (modeled ILO estimate)",SL.UEM.1524.ZS,21.39,21.87,22.46,22.84,23.17,24.08,24.87,25.55,26.17,26.75,27.53,25.45,25.21,24.67,25.62,23.13,24.24,18.99,21.15,23.18,21.33,23.29,21.9,24.3,25.02,22.44,23.65,23.64,23.84,
Malawi,MWI,"Unemployment, youth total (% of total labor force ages 15-24) (modeled ILO estimate)",SL.UEM.1524.ZS,8.1,8.16,8.3,8.35,8.33,8.4,8.34,8.29,8.3,8.24,8.17,8.2,8.21,8.12,7.99,7.78,7.61,7.53,7.85,7.89,7.86,7.84,7.84,7.79,7.74,7.67,7.56,7.47,7.4,
Malaysia,MYS,"Unemployment, youth total (% of total labor force ages 15-24) (modeled ILO estimate)",SL.UEM.1524.ZS,10.94,11.19,12.3,11.23,10.15,8.61,8.51,10.34,11.07,10.17,11.43,11.28,11.67,11.58,11.63,11.05,10.81,10.74,11.65,10.8,9.83,10.2,10.07,9.88,11.15,11,11.44,11.6,11.77,
North America,NAC,"Unemployment, youth total (% of total labor force ages 15-24) (modeled ILO estimate)",SL.UEM.1524.ZS,13.58642622,14.47103949,13.69245704,12.7711611,12.33292705,12.27860065,11.77377748,10.778285,10.20221336,9.543568949,10.67388801,12.06508598,12.44508959,11.90229969,11.28601579,10.48219017,10.47306258,12.57655451,17.23904259,17.96890574,16.92294523,16.21619685,15.27034876,13.29599019,11.66486097,10.576468,9.369135754,8.759234534,8.5530347,
Namibia,NAM,"Unemployment, youth total (% of total labor force ages 15-24) (modeled ILO estimate)",SL.UEM.1524.ZS,35.14,35.43,35.66,35.72,39.06,42.45,45.95,43.61,41.42,39.08,39.93,41.02,41.94,42.67,42.65,42.4,42.2,42.2,43.21,43.64,38.85,34.25,40.9,38.86,41.7,44.37,41.02,37.89,37.82,
New Caledonia,NCL,"Unemployment, youth total (% of total labor force ages 15-24) (modeled ILO estimate)",SL.UEM.1524.ZS,40.44,40.83,41.03,41.29,41.56,42.69,42.71,43.36,42.93,42.52,42.12,41.5,40.54,40.02,39.32,38.47,38,37.85,36.55,36.35,36.92,37.87,38.35,38.55,38.7,38.98,39.18,39.26,39.33,
Niger,NER,"Unemployment, youth total (% of total labor force ages 15-24) (modeled ILO estimate)",SL.UEM.1524.ZS,3.01,3.06,3.15,3.2,3.17,3.17,3.16,3.17,3.22,3.17,3.15,3.79,4.39,4.89,5.32,3.85,2.69,1.86,1.34,0.84,0.47,3.86,1.85,0.67,0.66,0.65,0.63,0.62,0.6,
Nigeria,NGA,"Unemployment, youth total (% of total labor force ages 15-24) (modeled ILO estimate)",SL.UEM.1524.ZS,9.38,9.4,9.55,9.59,9.6,9.61,9.6,9.59,9.65,9.64,9.64,9.74,9.75,9.66,9.55,9.35,9.19,9.13,9.49,9.58,9.56,9.68,9.84,8.41,7.81,12.48,13.91,15.8,17.69,
Nicaragua,NIC,"Unemployment, youth total (% of total labor force ages 15-24) (modeled ILO estimate)",SL.UEM.1524.ZS,11.4,11.52,11.72,11.82,11.87,11.87,11.85,11.84,11.94,11.88,11.88,12.01,12.08,10.32,8.76,8.72,8.01,10.01,12.92,12.32,10.19,8.24,9.16,8.59,8.99,7.58,6.51,10.08,9.94,
Netherlands,NLD,"Unemployment, youth total (% of total labor force ages 15-24) (modeled ILO estimate)",SL.UEM.1524.ZS,11.1,8.13,10.46,11.34,12.13,11.43,9.74,8.74,7.37,5.25,4.38,4.58,6.59,8.01,11.86,10.01,9.35,8.57,10.19,11.07,9.99,11.7,13.17,12.72,11.25,10.83,8.88,7.19,6.77,
Norway,NOR,"Unemployment, youth total (% of total labor force ages 15-24) (modeled ILO estimate)",SL.UEM.1524.ZS,12.61,13.67,13.71,12.44,18.95,15.14,14.66,12.52,12.05,10.93,12,12.86,11.73,12.66,11.36,8.72,7.37,7.46,9.15,9.28,8.64,8.43,9.09,7.83,9.87,11.09,10.3,9.63,9.88,
Nepal,NPL,"Unemployment, youth total (% of total labor force ages 15-24) (modeled ILO estimate)",SL.UEM.1524.ZS,2.79,2.82,2.88,2.92,2.91,2.9,2.91,2.9,2.93,2.87,2.81,2.76,2.71,2.65,2.55,2.39,2.26,2.19,2.71,3.09,3.44,3.83,4.23,4.56,4.91,4.79,4.69,4.64,4.57,
Nauru,NRU,"Unemployment, youth total (% of total labor force ages 15-24) (modeled ILO estimate)",SL.UEM.1524.ZS,,,,,,,,,,,,,,,,,,,,,,,,,,,,,,
New Zealand,NZL,"Unemployment, youth total (% of total labor force ages 15-24) (modeled ILO estimate)",SL.UEM.1524.ZS,19.34,19.18,17.89,15.47,12.27,12.25,13.62,15.02,14.16,13.5,12.1,11.76,10.52,9.68,9.76,9.93,10.05,11.32,16.62,17.3,17.45,17.94,15,13.88,13.73,13.35,12.88,11.7,11.16,
OECD members,OED,"Unemployment, youth total (% of total labor force ages 15-24) (modeled ILO estimate)",SL.UEM.1524.ZS,13.37635657,13.95097982,15.09642641,15.41473148,15.53691071,15.52392623,14.96379613,14.72951979,14.92252599,14.16545774,13.89758976,14.79264634,15.22534407,15.24922051,14.71663514,13.62430392,12.83524551,13.58598676,17.32647575,17.47349965,17.0118861,17.1824528,17.08409838,16.17066046,14.94178714,14.0885921,13.06107361,12.32650477,12.52798663,
Oman,OMN,"Unemployment, youth total (% of total labor force ages 15-24) (modeled ILO estimate)",SL.UEM.1524.ZS,10.16,10.33,10.67,11.31,11.8,11.28,10.7,10.44,10.22,9.97,10.21,10.6,10.96,11.28,11.59,11.6,11.83,11.86,11.64,11.99,12.01,11.88,12.39,13.48,14.28,13.9,12.26,10.68,11.55,
Other small states,OSS,"Unemployment, youth total (% of total labor force ages 15-24) (modeled ILO estimate)",SL.UEM.1524.ZS,22.89312243,23.75523943,24.69673368,25.3221761,25.96519321,26.52021467,27.19514675,26.80232787,26.61584885,25.89735531,26.47964036,26.36337213,26.88459627,26.16552147,25.19072779,23.65289817,23.00860161,22.44684381,23.85937186,24.35585913,23.30431426,22.88057115,23.56243235,23.05468049,23.29973198,23.13300678,22.48899561,21.83975117,21.59280781,
Pakistan,PAK,"Unemployment, youth total (% of total labor force ages 15-24) (modeled ILO estimate)",SL.UEM.1524.ZS,0.95,0.98,1,1,1.01,1.02,1,0.99,1.01,1,0.98,0.98,0.99,0.99,0.99,0.95,0.83,1.01,1.1,1.31,1.74,3.53,6.05,4.1,6.73,7.21,7.6,7.98,7.81,
Panama,PAN,"Unemployment, youth total (% of total labor force ages 15-24) (modeled ILO estimate)",SL.UEM.1524.ZS,7.36,7.42,7.53,7.61,7.65,7.74,7.82,7.85,7.92,7.94,7.97,8.1,8.12,8.17,8.12,8.05,7.95,7.86,8.25,8.39,6.19,6.4,6.26,6.95,8.06,8.29,10.82,10.39,13.03,
Peru,PER,"Unemployment, youth total (% of total labor force ages 15-24) (modeled ILO estimate)",SL.UEM.1524.ZS,8.74,8.84,9,9.12,9.09,9.06,9.06,9.03,9.04,9.12,9.09,9.08,8.86,9.05,9.19,8.17,7.47,7.3,6.84,6.54,6.79,6.44,6.48,7.02,6.28,7.83,7.95,7.64,7.37,
Philippines,PHL,"Unemployment, youth total (% of total labor force ages 15-24) (modeled ILO estimate)",SL.UEM.1524.ZS,8.81,8.91,9.13,9.26,9.33,9.4,9.45,9.39,9.47,9.51,9.5,9.31,9.06,9.17,9.33,10.11,8.85,9.99,10.32,9.93,9.67,9.51,9.28,9.56,8.56,7.59,7.41,6.6,6.67,
Palau,PLW,"Unemployment, youth total (% of total labor force ages 15-24) (modeled ILO estimate)",SL.UEM.1524.ZS,,,,,,,,,,,,,,,,,,,,,,,,,,,,,,
Papua New Guinea,PNG,"Unemployment, youth total (% of total labor force ages 15-24) (modeled ILO estimate)",SL.UEM.1524.ZS,4.94,5.08,5.27,5.31,5.23,5.26,5.22,5.21,5.28,5.23,5.03,4.92,4.77,4.55,4.32,4.05,3.81,3.62,3.69,3.6,4.61,4.61,4.63,4.61,4.6,4.52,4.41,4.3,4.25,
Poland,POL,"Unemployment, youth total (% of total labor force ages 15-24) (modeled ILO estimate)",SL.UEM.1524.ZS,28.45,27.44,29.66,32.1,30.81,28.22,22.52,21.06,29.13,35.18,38.68,41.02,41,39.8,36.64,29.63,21.55,17.17,20.48,23.64,25.69,26.41,27.18,23.74,20.68,17.59,14.76,11.7,9.84,
Pre-demographic dividend,PRE,"Unemployment, youth total (% of total labor force ages 15-24) (modeled ILO estimate)",SL.UEM.1524.ZS,9.718012209,9.787868471,9.919104986,9.894507684,9.836887707,9.819149467,9.746901134,9.715079193,9.819140998,9.834927834,9.873293718,10.01647289,10.11051425,10.01256874,9.92693886,9.752674648,9.534097852,9.408463782,9.72064264,10.50807629,10.50311608,10.44782425,10.34052068,9.966241429,10.08081781,11.0585491,11.45708155,11.75836804,12.07122528,
Puerto Rico,PRI,"Unemployment, youth total (% of total labor force ages 15-24) (modeled ILO estimate)",SL.UEM.1524.ZS,33.89,33.97,30.4,27.12,26.25,27.48,26.86,24.83,22.65,20.39,22.02,23.33,23.5,21.61,23.89,22.56,22.09,24.4,30.19,31.84,31.29,29.43,29.21,28.73,25.65,25.5,24.16,21.99,20.43,
"Korea, Dem. People's Rep.",PRK,"Unemployment, youth total (% of total labor force ages 15-24) (modeled ILO estimate)",SL.UEM.1524.ZS,5.46,5.59,5.82,5.99,6.08,6.16,6.22,6.31,6.51,6.52,6.5,6.56,6.52,6.44,6.34,6.13,5.94,5.91,6.27,6.32,6.32,6.35,6.38,6.3,6.24,6.2,6.07,5.93,5.88,
Portugal,PRT,"Unemployment, youth total (% of total labor force ages 15-24) (modeled ILO estimate)",SL.UEM.1524.ZS,8.58,9.55,12.04,14.55,16,17.05,14.21,9.5,9.18,8.25,8.95,10.43,13.46,14.02,16.19,16.48,16.72,16.65,20.3,22.74,30.27,37.98,38.16,34.83,32.02,27.99,23.89,20.31,18.29,
Paraguay,PRY,"Unemployment, youth total (% of total labor force ages 15-24) (modeled ILO estimate)",SL.UEM.1524.ZS,16.06,16.24,16.54,16.67,16.69,16.66,16.6,16.56,16.57,16.47,16.42,16.52,13.38,11.94,10.34,11.15,10.37,9.54,11.82,10.56,11.34,10.01,9.48,11.08,10.89,11.44,10.8,12.81,15.11,
West Bank and Gaza,PSE,"Unemployment, youth total (% of total labor force ages 15-24) (modeled ILO estimate)",SL.UEM.1524.ZS,15.4,15.51,15.7,15.73,15.74,15.69,15.74,15.83,15.9,15.78,31.22,38.71,35.47,35.69,32.05,29.98,31.21,37.5,34.16,36.3,31.29,34.62,37,36.13,37.01,38.29,41.66,42.07,40.04,
Pacific island small states,PSS,"Unemployment, youth total (% of total labor force ages 15-24) (modeled ILO estimate)",SL.UEM.1524.ZS,6.622433077,6.80871378,7.034099491,7.212848569,7.331048795,7.452453652,7.540511149,7.67228709,7.901372352,7.988395637,8.121056489,8.342415475,8.502667427,8.356747574,8.179961013,8.150911382,8.30831932,8.579639419,9.299486721,8.961557429,9.139689936,9.293285911,9.239042062,9.215870427,9.164890982,9.114072619,8.990510728,8.855859026,8.718302303,
Post-demographic dividend,PST,"Unemployment, youth total (% of total labor force ages 15-24) (modeled ILO estimate)",SL.UEM.1524.ZS,12.97160913,13.73570942,15.13671835,15.33138658,15.43244793,15.91810084,15.61260202,15.46426462,15.05721813,13.78142418,13.42580042,13.8481844,14.08610926,13.92196634,13.80546405,13.0420565,12.30164453,13.13086382,17.05269317,17.75011125,17.51508999,18.06147869,17.94942857,17.02745033,15.68534315,14.60072385,13.11953849,12.1182593,11.5548701,
French Polynesia,PYF,"Unemployment, youth total (% of total labor force ages 15-24) (modeled ILO estimate)",SL.UEM.1524.ZS,28.52,28.99,29.41,29.87,30.37,31.01,31.55,31.81,32.43,33.03,33.3,33.18,32.9,33.08,33.42,33.75,33.94,34.2,34.38,34.61,34.91,35.08,35.48,36.28,37.05,37.48,37.63,37.7,37.78,
Qatar,QAT,"Unemployment, youth total (% of total labor force ages 15-24) (modeled ILO estimate)",SL.UEM.1524.ZS,1.69,1.39,1.36,1.36,1.36,1.42,1.26,1.42,1.54,1.57,1.64,1.64,1.75,1.85,2.2,2.28,1.56,1.02,1.17,1.33,1.32,1.61,1.14,0.76,0.6,0.49,0.52,0.45,0.47,
Romania,ROU,"Unemployment, youth total (% of total labor force ages 15-24) (modeled ILO estimate)",SL.UEM.1524.ZS,24.61,24.57,23.58,22.36,20.95,20.32,17.17,16.69,17.11,17.58,17.43,22.06,19.39,22.27,20.22,21.44,20.23,18.71,20.9,21.76,23.58,22.37,23.58,23.9,21.55,20.6,18.35,16.28,16.78,
Russian Federation,RUS,"Unemployment, youth total (% of total labor force ages 15-24) (modeled ILO estimate)",SL.UEM.1524.ZS,13.16,12.92,13.68,16.3,18.76,19.33,23.55,27.14,23.96,20.71,17.98,15.54,17.52,17.18,15.47,16.33,14.41,14.03,18.41,17.08,15.48,14.93,14.17,14.04,16.37,16.72,16.48,17.1,15.46,
Rwanda,RWA,"Unemployment, youth total (% of total labor force ages 15-24) (modeled ILO estimate)",SL.UEM.1524.ZS,0.4,0.46,0.55,0.6,0.66,0.75,0.8,0.87,0.97,1.04,1.12,1.24,1.29,1.32,1.33,1.31,1.3,1.32,1.56,1.66,1.73,1.82,1.91,1.93,1.9,1.86,1.77,1.7,1.66,
South Asia,SAS,"Unemployment, youth total (% of total labor force ages 15-24) (modeled ILO estimate)",SL.UEM.1524.ZS,14.23564107,14.42760077,14.72863012,14.84949071,14.92646471,14.96462925,14.9980171,15.02214528,15.26462865,15.27715262,15.21762443,15.26944929,15.19861238,15.30408236,15.35482188,15.12606036,15.17349308,15.32058754,16.26101557,16.48788552,16.90447091,17.53601829,18.30973894,18.30295754,18.89766888,19.17550535,19.37571637,19.52135811,19.60244761,
Saudi Arabia,SAU,"Unemployment, youth total (% of total labor force ages 15-24) (modeled ILO estimate)",SL.UEM.1524.ZS,25.11,26.74,27.36,27.61,27.7,26.06,24.75,23.69,23.13,24.29,24.88,27.41,28.3,30.07,32.23,33.83,29.61,28.85,29.5,29.22,28.85,27.93,29.1,30.3,29.15,24.62,26.83,28.84,29.63,
Sudan,SDN,"Unemployment, youth total (% of total labor force ages 15-24) (modeled ILO estimate)",SL.UEM.1524.ZS,27.12,27.37,27.68,27.82,27.92,27.98,28.01,28.11,28.28,28.29,28.38,28.58,28.66,28.62,28.51,28.28,28.05,27.97,24.81,28.67,32.67,32.57,32.68,32.73,32.68,32.59,32.4,32.22,32.12,
Senegal,SEN,"Unemployment, youth total (% of total labor force ages 15-24) (modeled ILO estimate)",SL.UEM.1524.ZS,8.33,8.41,8.53,8.58,8.6,8.63,8.6,8.63,8.7,8.66,8.64,8.7,10.22,11.79,13.32,14.73,14.05,13.54,13.6,13.2,12.7,11.47,10.32,9.11,8.02,7.95,7.84,7.74,7.66,
Singapore,SGP,"Unemployment, youth total (% of total labor force ages 15-24) (modeled ILO estimate)",SL.UEM.1524.ZS,3.86,6.71,7.16,7.43,7.02,8.69,5.45,8.07,9.55,7.51,7.72,11.19,10.16,10.83,10.53,8.87,8.71,9.11,12.88,9.84,9.26,8.93,9.33,8.72,9.33,9.12,10.87,11.26,11.5,
Solomon Islands,SLB,"Unemployment, youth total (% of total labor force ages 15-24) (modeled ILO estimate)",SL.UEM.1524.ZS,3.24,3.32,3.43,3.46,3.47,3.47,3.44,3.46,3.51,3.45,3.42,3.5,3.54,3.52,3.46,3.32,3.19,3.16,3.42,2.82,2.26,1.73,1.26,1.23,1.22,1.2,1.16,1.13,1.11,
Sierra Leone,SLE,"Unemployment, youth total (% of total labor force ages 15-24) (modeled ILO estimate)",SL.UEM.1524.ZS,4.96,5.01,5.12,5.17,5.14,5.11,5.09,5.1,5.12,5.09,5.11,5.15,5.14,5.05,5.31,5.54,5.79,6.12,6.84,7.34,7.83,8.38,8.95,9.37,9.28,9.2,9.1,8.96,8.88,
El Salvador,SLV,"Unemployment, youth total (% of total labor force ages 15-24) (modeled ILO estimate)",SL.UEM.1524.ZS,12.5,13.11,16.22,12.92,12.94,13.05,13.58,12.17,11.62,12.12,12.18,10.33,11.1,10.8,12.63,11.64,11.42,11,13.88,10.25,8.62,8.54,8.63,9.76,8.8,9.66,9.93,9.45,9.46,
San Marino,SMR,"Unemployment, youth total (% of total labor force ages 15-24) (modeled ILO estimate)",SL.UEM.1524.ZS,,,,,,,,,,,,,,,,,,,,,,,,,,,,,,
Somalia,SOM,"Unemployment, youth total (% of total labor force ages 15-24) (modeled ILO estimate)",SL.UEM.1524.ZS,21.31,21.41,21.66,21.71,21.69,21.85,21.82,21.82,21.96,21.91,21.86,21.94,21.91,21.76,21.54,21.19,20.87,20.68,21.21,21.23,21.14,21.08,21.03,20.82,20.66,20.49,20.22,19.98,19.82,
Serbia,SRB,"Unemployment, youth total (% of total labor force ages 15-24) (modeled ILO estimate)",SL.UEM.1524.ZS,29.32,29.19,29.32,29.54,29.76,29.53,30.96,30.93,30.77,28.79,29.42,31.61,34.59,41.53,46.49,47.22,42.85,34.5,40.72,45.55,50.38,50.58,48.74,46.82,42.57,34.52,31.52,29.37,27.12,
Sub-Saharan Africa (excluding high income),SSA,"Unemployment, youth total (% of total labor force ages 15-24) (modeled ILO estimate)",SL.UEM.1524.ZS,11.91200645,11.99321136,12.16958345,12.20246765,12.22543675,12.30475289,12.33158977,12.30389811,12.45314982,12.4028658,12.53729049,12.85548636,12.90961549,12.37163575,12.15716798,11.8206102,11.45274607,10.8020958,11.20175246,11.9861696,11.85189825,11.80339531,11.55385478,11.07257368,10.99249529,11.78024816,11.85822875,12.05873517,12.43860029,
South Sudan,SSD,"Unemployment, youth total (% of total labor force ages 15-24) (modeled ILO estimate)",SL.UEM.1524.ZS,19.08,19.25,19.47,19.53,19.51,19.48,19.42,19.42,19.49,19.44,19.42,19.5,19.49,19.38,19.21,18.91,18.63,18.5,19.03,19.14,19.15,19.12,19.25,19.22,19.07,18.93,18.74,18.63,18.57,
Sub-Saharan Africa,SSF,"Unemployment, youth total (% of total labor force ages 15-24) (modeled ILO estimate)",SL.UEM.1524.ZS,11.91200645,11.99321136,12.16958345,12.20246765,12.22543675,12.30475289,12.33158977,12.30389811,12.45314982,12.4028658,12.53729049,12.85548636,12.90961549,12.37163575,12.15716798,11.8206102,11.45274607,10.8020958,11.20175246,11.9861696,11.85189825,11.80339531,11.55385478,11.07257368,10.99249529,11.78024816,11.85822875,12.05873517,12.43860029,
Small states,SST,"Unemployment, youth total (% of total labor force ages 15-24) (modeled ILO estimate)",SL.UEM.1524.ZS,22.60110941,23.30363839,23.95828525,24.11014752,24.75553564,25.196295,25.91974919,25.52288367,25.37447584,24.58066129,24.75459214,24.49779152,24.50958128,24.46273667,23.67491291,22.29817881,21.74204741,21.44360544,22.92270744,23.44183769,22.84514957,22.83211407,23.74368155,22.99496994,22.96992314,22.8491352,21.99598078,21.18819422,20.68954111,
Sao Tome and Principe,STP,"Unemployment, youth total (% of total labor force ages 15-24) (modeled ILO estimate)",SL.UEM.1524.ZS,20.67,20.84,21.07,21.15,21.13,21.11,21.04,21,21.07,20.99,23.01,25.97,24.2,23.94,24.53,25.03,23.98,23.12,23.02,22.36,21.61,20.82,20.9,20.84,20.76,20.62,20.43,20.22,20.06,
Suriname,SUR,"Unemployment, youth total (% of total labor force ages 15-24) (modeled ILO estimate)",SL.UEM.1524.ZS,42.19,42.91,37.28,29.09,27.36,25.32,26.5,24.45,33.7,31.17,28.86,26.72,24.56,22.45,21.86,21.19,20.58,20.11,20.28,13.81,20.21,20.59,21.01,16.45,13.5,13.38,13.31,13.27,13.2,
Slovak Republic,SVK,"Unemployment, youth total (% of total labor force ages 15-24) (modeled ILO estimate)",SL.UEM.1524.ZS,25.75,25.65,25.06,27.25,24.71,21.02,22.56,23.08,31.88,36.72,38.66,37.61,33.01,32.88,30.11,26.71,20.4,19.09,27.37,33.65,33.45,34.06,33.7,29.72,26.49,22.22,18.93,14.95,16.11,
Slovenia,SVN,"Unemployment, youth total (% of total labor force ages 15-24) (modeled ILO estimate)",SL.UEM.1524.ZS,22.4,25.95,29.41,21.5,18.79,16.89,16.59,17.7,18.54,16.34,15.72,14.89,15.37,14.1,15.94,13.85,10.1,10.5,13.67,14.71,15.78,20.66,21.68,20.23,16.3,15.25,11.25,8.83,8.15,
Sweden,SWE,"Unemployment, youth total (% of total labor force ages 15-24) (modeled ILO estimate)",SL.UEM.1524.ZS,7.85,13.51,22.46,22.4,19.32,21.04,21.3,17.1,15.87,9.3,11.66,12.92,14.31,18.53,21.9,21.42,19.16,20.06,24.88,24.65,22.67,23.47,23.35,22.64,20.21,18.77,17.82,17.42,20.22,
Eswatini,SWZ,"Unemployment, youth total (% of total labor force ages 15-24) (modeled ILO estimate)",SL.UEM.1524.ZS,42.93,43.29,43.91,44.3,44.68,45.44,46.19,47.37,48.68,49.7,50.83,52.18,53.34,54.26,55.19,55.96,56.74,55.33,55.21,54.22,52.87,51.57,50.29,48.64,47.18,46.02,46.05,46.12,46.22,
Sint Maarten (Dutch part),SXM,"Unemployment, youth total (% of total labor force ages 15-24) (modeled ILO estimate)",SL.UEM.1524.ZS,,,,,,,,,,,,,,,,,,,,,,,,,,,,,,
Seychelles,SYC,"Unemployment, youth total (% of total labor force ages 15-24) (modeled ILO estimate)",SL.UEM.1524.ZS,,,,,,,,,,,,,,,,,,,,,,,,,,,,,,
Syrian Arab Republic,SYR,"Unemployment, youth total (% of total labor force ages 15-24) (modeled ILO estimate)",SL.UEM.1524.ZS,12.39,12.95,13.54,13.72,13.27,13.51,13.73,14,14.39,17.78,21.45,20.44,19.27,18.8,18.3,17.68,18.73,21.84,16.16,20.07,20.25,20.48,20.74,20.83,20.95,21.02,20.95,20.86,20.84,
Turks and Caicos Islands,TCA,"Unemployment, youth total (% of total labor force ages 15-24) (modeled ILO estimate)",SL.UEM.1524.ZS,,,,,,,,,,,,,,,,,,,,,,,,,,,,,,
Chad,TCD,"Unemployment, youth total (% of total labor force ages 15-24) (modeled ILO estimate)",SL.UEM.1524.ZS,1.3,1.31,1.33,1.41,1.48,1.55,1.63,1.71,1.8,1.86,1.95,2.07,2.16,2.24,2.28,2.23,2.22,2.28,2.58,2.73,2.83,2.94,3.07,3.11,3.17,3.21,3.2,3.22,3.26,
East Asia & Pacific (IDA & IBRD countries),TEA,"Unemployment, youth total (% of total labor force ages 15-24) (modeled ILO estimate)",SL.UEM.1524.ZS,4.899262322,4.955124616,5.506709052,6.392513496,6.713132093,7.050900312,7.347408525,8.110390616,8.466184587,8.435307146,9.215671642,9.953550298,10.51062425,10.5915259,10.9549302,10.66138494,10.25785905,10.31942496,10.40066145,9.890642515,10.02155094,9.945151931,10.071179,10.25166222,10.58416063,10.34241164,10.1164154,10.00966816,10.12556234,
Europe & Central Asia (IDA & IBRD countries),TEC,"Unemployment, youth total (% of total labor force ages 15-24) (modeled ILO estimate)",SL.UEM.1524.ZS,13.81082784,14.10756631,15.42087044,17.28936932,19.09205061,20.03252054,20.90222279,22.61137709,22.68438661,21.63101156,21.17101294,20.9590304,21.03456855,20.68360013,19.24104951,17.97305958,16.17805394,15.5697022,18.77064843,18.29084442,17.43343599,17.11532673,17.17941693,17.57139401,17.7821073,17.55815825,16.92801491,16.48284508,16.7822043,
Togo,TGO,"Unemployment, youth total (% of total labor force ages 15-24) (modeled ILO estimate)",SL.UEM.1524.ZS,7.29,7.37,7.49,7.59,7.69,7.64,7.58,7.6,7.68,7.66,7.64,7.74,7.76,7.68,7.54,7.35,6.13,5.14,4.57,3.83,3.12,3.4,3.7,3.96,4.24,6.44,9.17,9,8.89,
Thailand,THA,"Unemployment, youth total (% of total labor force ages 15-24) (modeled ILO estimate)",SL.UEM.1524.ZS,4.3,2.61,2.84,2.66,2.4,2.47,2.19,7.58,8.01,6.83,7.88,5.93,5.22,4.63,4.84,4.89,4.6,4.94,3.76,2.65,3.03,2.85,1.09,3.19,3.15,3.76,4.41,4.05,4.22,
Tajikistan,TJK,"Unemployment, youth total (% of total labor force ages 15-24) (modeled ILO estimate)",SL.UEM.1524.ZS,3.98,4.31,11.68,16.25,18.85,24.25,25.16,29.67,27.76,26.98,26.24,25.66,24.95,24.13,23.23,22.24,21.33,20.63,20.77,19.67,18.53,17.45,16.41,15.26,14.18,13.12,13.03,12.94,12.88,
Turkmenistan,TKM,"Unemployment, youth total (% of total labor force ages 15-24) (modeled ILO estimate)",SL.UEM.1524.ZS,3.03,3.21,3.22,9.07,15.39,18.86,20.1,22.23,23.17,21.46,19.81,18.37,16.87,15.33,13.8,12.25,10.84,9.64,8.93,7.96,8.01,8.07,8.13,8.12,8.13,8.13,8.09,8.06,8.04,
Latin America & the Caribbean (IDA & IBRD countries),TLA,"Unemployment, youth total (% of total labor force ages 15-24) (modeled ILO estimate)",SL.UEM.1524.ZS,11.13361726,11.02390804,11.12903171,12.02943457,14.02449433,14.54428321,14.48374362,15.43884076,16.643073,16.88012981,16.25155374,17.15260252,17.14055673,16.65408754,16.00603159,14.89327507,14.08700677,13.66026565,15.36986924,14.43983518,13.87218582,13.68310645,13.88796764,13.77489892,14.87523205,17.33653814,17.75282527,17.72616056,17.90345313,
Timor-Leste,TLS,"Unemployment, youth total (% of total labor force ages 15-24) (modeled ILO estimate)",SL.UEM.1524.ZS,9,9.3,9.66,9.93,10.14,10.37,10.46,10.42,9.83,9.84,10.01,9.8,9.57,9.37,9.17,8.81,8.66,8.63,9,9.08,9.64,10.28,10.9,11.48,12.11,12.75,12.5,12.33,12.31,
Middle East & North Africa (IDA & IBRD countries),TMN,"Unemployment, youth total (% of total labor force ages 15-24) (modeled ILO estimate)",SL.UEM.1524.ZS,23.79621217,24.25893958,25.6705713,25.78369602,26.23857363,24.47029515,23.86588031,24.24335474,24.22937558,25.92557193,26.62807552,26.44205183,26.14567789,24.14205528,25.26943763,23.97743176,22.86742726,23.26981609,22.92376134,23.94262874,25.29360199,27.18113191,26.25560711,26.27658056,27.70018547,28.14622182,28.52821264,26.68471805,26.35202706,
Tonga,TON,"Unemployment, youth total (% of total labor force ages 15-24) (modeled ILO estimate)",SL.UEM.1524.ZS,3.27,3.45,3.68,4.52,5.3,6.05,6.75,7.56,8.47,9.25,10.24,11.4,12.49,9.03,6.09,3.64,3.96,4.39,5.13,5.64,6.08,6.52,7,7.44,7.91,8.28,8.53,8.77,8.58,
South Asia (IDA & IBRD),TSA,"Unemployment, youth total (% of total labor force ages 15-24) (modeled ILO estimate)",SL.UEM.1524.ZS,14.23564107,14.42760077,14.72863012,14.84949071,14.92646471,14.96462925,14.9980171,15.02214528,15.26462865,15.27715262,15.21762443,15.26944929,15.19861238,15.30408236,15.35482188,15.12606036,15.17349308,15.32058754,16.26101557,16.48788552,16.90447091,17.53601829,18.30973894,18.30295754,18.89766888,19.17550535,19.37571637,19.52135811,19.60244761,
Sub-Saharan Africa (IDA & IBRD countries),TSS,"Unemployment, youth total (% of total labor force ages 15-24) (modeled ILO estimate)",SL.UEM.1524.ZS,11.91200645,11.99321136,12.16958345,12.20246765,12.22543675,12.30475289,12.33158977,12.30389811,12.45314982,12.4028658,12.53729049,12.85548636,12.90961549,12.37163575,12.15716798,11.8206102,11.45274607,10.8020958,11.20175246,11.9861696,11.85189825,11.80339531,11.55385478,11.07257368,10.99249529,11.78024816,11.85822875,12.05873517,12.43860029,
Trinidad and Tobago,TTO,"Unemployment, youth total (% of total labor force ages 15-24) (modeled ILO estimate)",SL.UEM.1524.ZS,7.53,7.36,7.45,7.47,7.5,7.53,7.62,7.72,7.72,7.82,8.04,8.06,7.93,8.16,8.47,8.7,9.22,9.64,9.71,9.85,8.54,8.57,6.27,5.88,5.85,8.68,8.83,8.9,9.12,
Tunisia,TUN,"Unemployment, youth total (% of total labor force ages 15-24) (modeled ILO estimate)",SL.UEM.1524.ZS,30.1,30.51,30.94,31.14,31.47,31.85,32.19,31.66,31.27,30.98,30.15,30.57,30.7,30.46,28.06,27.81,28.03,28.59,31.02,29.49,42.63,38.52,35.05,34.22,35.2,36.01,35.92,36.29,35.78,
Turkey,TUR,"Unemployment, youth total (% of total labor force ages 15-24) (modeled ILO estimate)",SL.UEM.1524.ZS,15.26,16.21,17.6,15.93,15.43,13.36,14.15,13.94,14.75,12.79,15.86,18.72,19.95,20.04,19.36,15.98,16.73,17.93,22.22,19.26,16.32,15.31,16.51,17.48,18.13,19.13,20.08,19.73,24.64,
Tuvalu,TUV,"Unemployment, youth total (% of total labor force ages 15-24) (modeled ILO estimate)",SL.UEM.1524.ZS,,,,,,,,,,,,,,,,,,,,,,,,,,,,,,
Tanzania,TZA,"Unemployment, youth total (% of total labor force ages 15-24) (modeled ILO estimate)",SL.UEM.1524.ZS,6.34,6.25,6.26,6.18,6.07,5.97,5.83,5.71,5.64,5.5,5.37,5.61,5.81,5.95,6.05,6.06,5.49,5.02,4.87,5.78,6.75,6.21,5.69,3.71,3.68,3.65,3.59,3.53,3.48,
Uganda,UGA,"Unemployment, youth total (% of total labor force ages 15-24) (modeled ILO estimate)",SL.UEM.1524.ZS,1.91,1.84,2.23,2.6,2.98,3.36,3.73,4.14,4.62,5.03,5.46,6.01,6.09,4.5,3.19,3.65,4.11,4.67,5.67,5.59,5.46,5.32,2.69,2.67,2.64,2.6,2.54,2.51,2.48,
Ukraine,UKR,"Unemployment, youth total (% of total labor force ages 15-24) (modeled ILO estimate)",SL.UEM.1524.ZS,4.24,4.21,4.34,4.26,10.6,14.05,16.2,20.18,21.06,20.93,19.9,18.31,16.55,15.71,14.9,14.16,13.29,13.29,17.84,17.38,17.5,17.45,17.4,23.24,22.5,23.12,19,18,15.53,
Upper middle income,UMC,"Unemployment, youth total (% of total labor force ages 15-24) (modeled ILO estimate)",SL.UEM.1524.ZS,8.08759957,8.256149484,8.957959071,9.745197611,10.67836207,11.08839294,11.61685746,12.44191224,12.7943159,12.60759008,13.06564589,13.68471215,14.16699155,13.77365089,13.50240373,13.01063951,12.49232761,12.53545527,13.62159633,13.17767117,12.96423514,13.16599431,13.31993416,13.5206842,14.083783,14.9870185,15.13918485,15.02510612,15.7044161,
Uruguay,URY,"Unemployment, youth total (% of total labor force ages 15-24) (modeled ILO estimate)",SL.UEM.1524.ZS,22.57,22.1,22.16,21.73,22.31,22.26,22.41,22.74,24.45,29.24,34.37,37.97,38.29,33.33,29.37,28.11,24.89,22.3,20.9,20.56,17.98,18.52,19.19,19.29,22.61,23.88,25,26.32,29.4,
United States,USA,"Unemployment, youth total (% of total labor force ages 15-24) (modeled ILO estimate)",SL.UEM.1524.ZS,13.34,14.17,13.31,12.43,12.06,11.94,11.29,10.31,9.79,9.21,10.44,11.9,12.32,11.74,11.17,10.36,10.4,12.68,17.44,18.29,17.2,16.4,15.43,13.28,11.51,10.32,9.14,8.52,8.3,
Uzbekistan,UZB,"Unemployment, youth total (% of total labor force ages 15-24) (modeled ILO estimate)",SL.UEM.1524.ZS,3.85,5.63,9.15,13.33,14.2,19.2,19.59,23.71,23.71,21.58,19.58,17.84,16.06,14.3,12.61,10.92,9.41,9.25,9.45,10.18,9.52,9.39,9.45,9.88,10.14,10.22,11.39,11.33,11.31,
St. Vincent and the Grenadines,VCT,"Unemployment, youth total (% of total labor force ages 15-24) (modeled ILO estimate)",SL.UEM.1524.ZS,36.04,36.72,37.45,37.78,38.25,38.72,39.11,39.61,40.14,40.42,40.75,40.81,40.78,40.44,39.96,39.64,39.28,38.96,40,40.3,40.41,40.62,40.88,40.88,40.95,40.72,40.32,39.99,39.76,
"Venezuela, RB",VEN,"Unemployment, youth total (% of total labor force ages 15-24) (modeled ILO estimate)",SL.UEM.1524.ZS,15.77,13.03,11.32,14.44,17.13,19.58,18.66,18.68,24,23.2,21.78,26.73,27.72,25.16,18.26,15.37,13.59,12.36,12.13,14.19,14.06,14.11,16.18,16.11,16.08,16.06,15.99,15.95,15.88,
British Virgin Islands,VGB,"Unemployment, youth total (% of total labor force ages 15-24) (modeled ILO estimate)",SL.UEM.1524.ZS,,,,,,,,,,,,,,,,,,,,,,,,,,,,,,
Virgin Islands (U.S.),VIR,"Unemployment, youth total (% of total labor force ages 15-24) (modeled ILO estimate)",SL.UEM.1524.ZS,15.34,15.22,15.17,15.3,15.56,15.77,16.02,16.41,16.61,16.7,16.88,16.89,17.02,17.08,17.28,17.7,18.14,18.6,18.84,18.65,19.08,19.6,19.19,18.89,18.97,19.14,19.54,19.75,19.88,
Vietnam,VNM,"Unemployment, youth total (% of total labor force ages 15-24) (modeled ILO estimate)",SL.UEM.1524.ZS,3.59,3.71,3.84,3.9,3.94,3.98,5.45,4.55,4.6,4.53,5.35,4.38,4.62,4.48,4.95,5.32,5.68,4.83,4.38,3.37,3.16,3.55,4.49,4.61,6.25,6.69,6.98,4.54,6.64,
Vanuatu,VUT,"Unemployment, youth total (% of total labor force ages 15-24) (modeled ILO estimate)",SL.UEM.1524.ZS,8.66,8.72,8.88,9.02,9.02,8.96,8.96,8.93,8.95,8.93,8.83,8.79,8.84,8.81,8.72,8.56,8.4,8.36,8.85,4.36,4.36,4.37,4.38,4.34,4.3,4.29,4.26,4.2,4.17,
World,WLD,"Unemployment, youth total (% of total labor force ages 15-24) (modeled ILO estimate)",SL.UEM.1524.ZS,10.8489328,11.12675516,11.81152649,12.41735055,12.87606377,13.10277976,13.24254233,13.69936496,13.97238323,13.86662097,14.03527847,14.43557425,14.60196087,14.38156616,14.36830561,13.84421977,13.35271212,13.37708003,14.46741528,14.523849,14.59315006,14.87098682,15.0530934,14.92095976,15.19259853,15.4465996,15.36034685,15.19112218,15.28029998,
Samoa,WSM,"Unemployment, youth total (% of total labor force ages 15-24) (modeled ILO estimate)",SL.UEM.1524.ZS,5.09,5.7,6.4,7.05,7.76,8.47,9.12,9.86,10.71,11.58,12.4,12.88,13.3,13.66,14.01,14.06,14.17,14.42,15.17,15.58,16.05,18.35,18.39,18.34,18.35,18.25,17.98,17.66,17.55,
Kosovo,XKX,"Unemployment, youth total (% of total labor force ages 15-24) (modeled ILO estimate)",SL.UEM.1524.ZS,,,,,,,,,,,,,,,,,,,,,,,,,,,,,,
"Yemen, Rep.",YEM,"Unemployment, youth total (% of total labor force ages 15-24) (modeled ILO estimate)",SL.UEM.1524.ZS,16.44,16.76,17.1,17.29,17.75,18,18.19,18.37,18.58,18.82,19.07,19.46,19.78,20.01,20.2,20.25,20.32,20.57,21.58,22.14,22.66,23.27,23.99,24.47,24.31,24.26,24.25,24.23,24.24,
South Africa,ZAF,"Unemployment, youth total (% of total labor force ages 15-24) (modeled ILO estimate)",SL.UEM.1524.ZS,49.57,49.97,50.62,51.13,51.47,51.73,51.93,52.12,52.52,52.78,55.41,59.64,60.83,56.13,55.77,54.41,52.4,44.81,47.59,50.52,49.79,51.39,51.31,51.34,50.31,53.63,53.53,53.77,57.47,
Zambia,ZMB,"Unemployment, youth total (% of total labor force ages 15-24) (modeled ILO estimate)",SL.UEM.1524.ZS,30.34,30.85,31.48,29.17,26.95,24.9,22.32,19.87,20.63,21.3,22.59,24.06,25.5,26.88,28.21,23.78,19.69,16.03,21.23,26.84,21.28,16.44,17.61,18.64,19.69,20.71,21.62,22.7,22.63,
Zimbabwe,ZWE,"Unemployment, youth total (% of total labor force ages 15-24) (modeled ILO estimate)",SL.UEM.1524.ZS,10.27,10.37,10.54,10.62,11.85,13.15,14.46,13.15,12,10.95,10.03,9.21,8.33,7.47,7.52,7.53,7.55,7.6,8.05,8.3,8.47,8.52,8.55,8.47,8.44,8.4,8.31,8.23,8.13,